serovar	reference_strain	howell_cds_accession	gene_name	aliases	gene_order	orientation	upstream_neighbor	downstream_neighbor	sequence_length	evidence_source
1	N4	KC795279.1	funA9		1	REFERENCE_FASTA_ORDER_PLUS_ASSUMED		funB1	582	Howell2013_CDS_FASTA_KC795279-KC795550_plus_KC853023;docs/capsule_locus_architecture.md
1	N4	KC795280.1	funB1		2	REFERENCE_FASTA_ORDER_PLUS_ASSUMED	funA9	hydA1	1245	Howell2013_CDS_FASTA_KC795279-KC795550_plus_KC853023;docs/capsule_locus_architecture.md
1	N4	KC795281.1	hydA1		3	REFERENCE_FASTA_ORDER_PLUS_ASSUMED	funB1	funB1	1491	Howell2013_CDS_FASTA_KC795279-KC795550_plus_KC853023;docs/capsule_locus_architecture.md
1	N4	KC795282.1	funB1		4	REFERENCE_FASTA_ORDER_PLUS_ASSUMED	hydA1	gptA1	270	Howell2013_CDS_FASTA_KC795279-KC795550_plus_KC853023;docs/capsule_locus_architecture.md
1	N4	KC795283.1	gptA1		5	REFERENCE_FASTA_ORDER_PLUS_ASSUMED	funB1	wbuS1	1230	Howell2013_CDS_FASTA_KC795279-KC795550_plus_KC853023;docs/capsule_locus_architecture.md
1	N4	KC795284.1	wbuS1		6	REFERENCE_FASTA_ORDER_PLUS_ASSUMED	gptA1	wzy1	981	Howell2013_CDS_FASTA_KC795279-KC795550_plus_KC853023;docs/capsule_locus_architecture.md
1	N4	KC795285.1	wzy1		7	REFERENCE_FASTA_ORDER_PLUS_ASSUMED	wbuS1	cap5E1	1176	Howell2013_CDS_FASTA_KC795279-KC795550_plus_KC853023;docs/capsule_locus_architecture.md
1	N4	KC795286.1	cap5E1		8	REFERENCE_FASTA_ORDER_PLUS_ASSUMED	wzy1	ndeA1	1032	Howell2013_CDS_FASTA_KC795279-KC795550_plus_KC853023;docs/capsule_locus_architecture.md
1	N4	KC795287.1	ndeA1		9	REFERENCE_FASTA_ORDER_PLUS_ASSUMED	cap5E1	naeA1	1113	Howell2013_CDS_FASTA_KC795279-KC795550_plus_KC853023;docs/capsule_locus_architecture.md
1	N4	KC795288.1	naeA1		10	REFERENCE_FASTA_ORDER_PLUS_ASSUMED	ndeA1	gltA1	1130	Howell2013_CDS_FASTA_KC795279-KC795550_plus_KC853023;docs/capsule_locus_architecture.md
1	N4	KC795289.1	gltA1		11	REFERENCE_FASTA_ORDER_PLUS_ASSUMED	naeA1	ndeB1	1218	Howell2013_CDS_FASTA_KC795279-KC795550_plus_KC853023;docs/capsule_locus_architecture.md
1	N4	KC795290.1	ndeB1		12	REFERENCE_FASTA_ORDER_PLUS_ASSUMED	gltA1	cap5M1	855	Howell2013_CDS_FASTA_KC795279-KC795550_plus_KC853023;docs/capsule_locus_architecture.md
1	N4	KC795291.1	cap5M1		13	REFERENCE_FASTA_ORDER_PLUS_ASSUMED	ndeB1	capD1	549	Howell2013_CDS_FASTA_KC795279-KC795550_plus_KC853023;docs/capsule_locus_architecture.md
1	N4	KC795292.1	capD1		14	REFERENCE_FASTA_ORDER_PLUS_ASSUMED	cap5M1	wza1	1941	Howell2013_CDS_FASTA_KC795279-KC795550_plus_KC853023;docs/capsule_locus_architecture.md
1	N4	KC795293.1	wza1		15	REFERENCE_FASTA_ORDER_PLUS_ASSUMED	capD1	wzb1	1162	Howell2013_CDS_FASTA_KC795279-KC795550_plus_KC853023;docs/capsule_locus_architecture.md
1	N4	KC795295.1	wzb1		16	REFERENCE_FASTA_ORDER_PLUS_ASSUMED	wza1	wzs1	445	Howell2013_CDS_FASTA_KC795279-KC795550_plus_KC853023;docs/capsule_locus_architecture.md
1	N4	KC795296.1	wzs1		17	REFERENCE_FASTA_ORDER_PLUS_ASSUMED	wzb1	iscR1	2088	Howell2013_CDS_FASTA_KC795279-KC795550_plus_KC853023;docs/capsule_locus_architecture.md
1	N4	KC795297.1	iscR1		18	REFERENCE_FASTA_ORDER_PLUS_ASSUMED	wzs1		447	Howell2013_CDS_FASTA_KC795279-KC795550_plus_KC853023;docs/capsule_locus_architecture.md
2	SW140	KC795298.1	funA2		1	REFERENCE_FASTA_ORDER_PLUS_ASSUMED		wzx2	582	Howell2013_CDS_FASTA_KC795279-KC795550_plus_KC853023;docs/capsule_locus_architecture.md
2	SW140	KC795299.1	wzx2		2	REFERENCE_FASTA_ORDER_PLUS_ASSUMED	funA2	funE2	1200	Howell2013_CDS_FASTA_KC795279-KC795550_plus_KC853023;docs/capsule_locus_architecture.md
2	SW140	KC795300.1	funE2		3	REFERENCE_FASTA_ORDER_PLUS_ASSUMED	wzx2	hydA2	1032	Howell2013_CDS_FASTA_KC795279-KC795550_plus_KC853023;docs/capsule_locus_architecture.md
2	SW140	KC795301.1	hydA2		4	REFERENCE_FASTA_ORDER_PLUS_ASSUMED	funE2	funC2	1539	Howell2013_CDS_FASTA_KC795279-KC795550_plus_KC853023;docs/capsule_locus_architecture.md
2	SW140	KC795302.1	funC2		5	REFERENCE_FASTA_ORDER_PLUS_ASSUMED	hydA2	gptA2	270	Howell2013_CDS_FASTA_KC795279-KC795550_plus_KC853023;docs/capsule_locus_architecture.md
2	SW140	KC795303.1	gptA2		6	REFERENCE_FASTA_ORDER_PLUS_ASSUMED	funC2	wbuS2	1230	Howell2013_CDS_FASTA_KC795279-KC795550_plus_KC853023;docs/capsule_locus_architecture.md
2	SW140	KC795304.1	wbuS2		7	REFERENCE_FASTA_ORDER_PLUS_ASSUMED	gptA2	wzy2	981	Howell2013_CDS_FASTA_KC795279-KC795550_plus_KC853023;docs/capsule_locus_architecture.md
2	SW140	KC795305.1	wzy2		8	REFERENCE_FASTA_ORDER_PLUS_ASSUMED	wbuS2	cap5E2	876	Howell2013_CDS_FASTA_KC795279-KC795550_plus_KC853023;docs/capsule_locus_architecture.md
2	SW140	KC795306.1	cap5E2		9	REFERENCE_FASTA_ORDER_PLUS_ASSUMED	wzy2	ndeA2	1032	Howell2013_CDS_FASTA_KC795279-KC795550_plus_KC853023;docs/capsule_locus_architecture.md
2	SW140	KC795307.1	ndeA2		10	REFERENCE_FASTA_ORDER_PLUS_ASSUMED	cap5E2	naeA2	1113	Howell2013_CDS_FASTA_KC795279-KC795550_plus_KC853023;docs/capsule_locus_architecture.md
2	SW140	KC795308.1	naeA2		11	REFERENCE_FASTA_ORDER_PLUS_ASSUMED	ndeA2	gltA2	1131	Howell2013_CDS_FASTA_KC795279-KC795550_plus_KC853023;docs/capsule_locus_architecture.md
2	SW140	KC795309.1	gltA2		12	REFERENCE_FASTA_ORDER_PLUS_ASSUMED	naeA2	ndeB2	1218	Howell2013_CDS_FASTA_KC795279-KC795550_plus_KC853023;docs/capsule_locus_architecture.md
2	SW140	KC795310.1	ndeB2		13	REFERENCE_FASTA_ORDER_PLUS_ASSUMED	gltA2	pilT2	855	Howell2013_CDS_FASTA_KC795279-KC795550_plus_KC853023;docs/capsule_locus_architecture.md
2	SW140	KC795311.1	pilT2		14	REFERENCE_FASTA_ORDER_PLUS_ASSUMED	ndeB2	cap5M2	393	Howell2013_CDS_FASTA_KC795279-KC795550_plus_KC853023;docs/capsule_locus_architecture.md
2	SW140	KC795312.1	cap5M2		15	REFERENCE_FASTA_ORDER_PLUS_ASSUMED	pilT2	capD2	549	Howell2013_CDS_FASTA_KC795279-KC795550_plus_KC853023;docs/capsule_locus_architecture.md
2	SW140	KC795313.1	capD2		16	REFERENCE_FASTA_ORDER_PLUS_ASSUMED	cap5M2	wza2	1941	Howell2013_CDS_FASTA_KC795279-KC795550_plus_KC853023;docs/capsule_locus_architecture.md
2	SW140	KC795314.1	wza2		17	REFERENCE_FASTA_ORDER_PLUS_ASSUMED	capD2	wzb2	1155	Howell2013_CDS_FASTA_KC795279-KC795550_plus_KC853023;docs/capsule_locus_architecture.md
2	SW140	KC795316.1	wzb2		18	REFERENCE_FASTA_ORDER_PLUS_ASSUMED	wza2	wzs2	444	Howell2013_CDS_FASTA_KC795279-KC795550_plus_KC853023;docs/capsule_locus_architecture.md
2	SW140	KC795317.1	wzs2		19	REFERENCE_FASTA_ORDER_PLUS_ASSUMED	wzb2	iscR2	2088	Howell2013_CDS_FASTA_KC795279-KC795550_plus_KC853023;docs/capsule_locus_architecture.md
2	SW140	KC795318.1	iscR2		20	REFERENCE_FASTA_ORDER_PLUS_ASSUMED	wzs2		447	Howell2013_CDS_FASTA_KC795279-KC795550_plus_KC853023;docs/capsule_locus_architecture.md
3	SW114	KC795319.1	funA3		1	REFERENCE_FASTA_ORDER_PLUS_ASSUMED		dgdA3	582	Howell2013_CDS_FASTA_KC795279-KC795550_plus_KC853023;docs/capsule_locus_architecture.md
3	SW114	KC795320.1	dgdA3		2	REFERENCE_FASTA_ORDER_PLUS_ASSUMED	funA3	pbpA3	1068	Howell2013_CDS_FASTA_KC795279-KC795550_plus_KC853023;docs/capsule_locus_architecture.md
3	SW114	KC795321.1	pbpA3		3	REFERENCE_FASTA_ORDER_PLUS_ASSUMED	dgdA3	ppoA3	1263	Howell2013_CDS_FASTA_KC795279-KC795550_plus_KC853023;docs/capsule_locus_architecture.md
3	SW114	KC795322.1	ppoA3		4	REFERENCE_FASTA_ORDER_PLUS_ASSUMED	pbpA3	gltB3	1245	Howell2013_CDS_FASTA_KC795279-KC795550_plus_KC853023;docs/capsule_locus_architecture.md
3	SW114	KC795323.1	gltB3		5	REFERENCE_FASTA_ORDER_PLUS_ASSUMED	ppoA3	naeB3	1062	Howell2013_CDS_FASTA_KC795279-KC795550_plus_KC853023;docs/capsule_locus_architecture.md
3	SW114	KC795324.1	naeB3		6	REFERENCE_FASTA_ORDER_PLUS_ASSUMED	gltB3	funG3	1125	Howell2013_CDS_FASTA_KC795279-KC795550_plus_KC853023;docs/capsule_locus_architecture.md
3	SW114	KC795325.1	funG3		7	REFERENCE_FASTA_ORDER_PLUS_ASSUMED	naeB3	funH3	993	Howell2013_CDS_FASTA_KC795279-KC795550_plus_KC853023;docs/capsule_locus_architecture.md
3	SW114	KC795326.1	funH3		8	REFERENCE_FASTA_ORDER_PLUS_ASSUMED	funG3	gltC3	1032	Howell2013_CDS_FASTA_KC795279-KC795550_plus_KC853023;docs/capsule_locus_architecture.md
3	SW114	KC795327.1	gltC3		9	REFERENCE_FASTA_ORDER_PLUS_ASSUMED	funH3	gltD3	1050	Howell2013_CDS_FASTA_KC795279-KC795550_plus_KC853023;docs/capsule_locus_architecture.md
3	SW114	KC795328.1	gltD3		10	REFERENCE_FASTA_ORDER_PLUS_ASSUMED	gltC3	lstA3	804	Howell2013_CDS_FASTA_KC795279-KC795550_plus_KC853023;docs/capsule_locus_architecture.md
3	SW114	KC795329.1	lstA3		11	REFERENCE_FASTA_ORDER_PLUS_ASSUMED	gltD3	traA3	1269	Howell2013_CDS_FASTA_KC795279-KC795550_plus_KC853023;docs/capsule_locus_architecture.md
3	SW114	KC795330.1	traA3		12	REFERENCE_FASTA_ORDER_PLUS_ASSUMED	lstA3	wza3	654	Howell2013_CDS_FASTA_KC795279-KC795550_plus_KC853023;docs/capsule_locus_architecture.md
3	SW114	KC795331.1	wza3		13	REFERENCE_FASTA_ORDER_PLUS_ASSUMED	traA3	wzb3	1155	Howell2013_CDS_FASTA_KC795279-KC795550_plus_KC853023;docs/capsule_locus_architecture.md
3	SW114	KC795333.1	wzb3		14	REFERENCE_FASTA_ORDER_PLUS_ASSUMED	wza3	wzs3	444	Howell2013_CDS_FASTA_KC795279-KC795550_plus_KC853023;docs/capsule_locus_architecture.md
3	SW114	KC795334.1	wzs3		15	REFERENCE_FASTA_ORDER_PLUS_ASSUMED	wzb3	iscR3	2088	Howell2013_CDS_FASTA_KC795279-KC795550_plus_KC853023;docs/capsule_locus_architecture.md
3	SW114	KC795335.1	iscR3		16	REFERENCE_FASTA_ORDER_PLUS_ASSUMED	wzs3		447	Howell2013_CDS_FASTA_KC795279-KC795550_plus_KC853023;docs/capsule_locus_architecture.md
4	SW124	KC795351.1	funA4		1	REFERENCE_FASTA_ORDER_PLUS_ASSUMED		neuA4	582	Howell2013_CDS_FASTA_KC795279-KC795550_plus_KC853023;docs/capsule_locus_architecture.md
4	SW124	KC795352.1	neuA4		2	REFERENCE_FASTA_ORDER_PLUS_ASSUMED	funA4	wzx4	713	Howell2013_CDS_FASTA_KC795279-KC795550_plus_KC853023;docs/capsule_locus_architecture.md
4	SW124	KC795353.1	wzx4		3	REFERENCE_FASTA_ORDER_PLUS_ASSUMED	neuA4	mepA4	2136	Howell2013_CDS_FASTA_KC795279-KC795550_plus_KC853023;docs/capsule_locus_architecture.md
4	SW124	KC795354.1	mepA4		4	REFERENCE_FASTA_ORDER_PLUS_ASSUMED	wzx4	gltF4	1095	Howell2013_CDS_FASTA_KC795279-KC795550_plus_KC853023;docs/capsule_locus_architecture.md
4	SW124	KC795355.1	gltF4		5	REFERENCE_FASTA_ORDER_PLUS_ASSUMED	mepA4	wciP4	907	Howell2013_CDS_FASTA_KC795279-KC795550_plus_KC853023;docs/capsule_locus_architecture.md
4	SW124	KC795356.1	wciP4		6	REFERENCE_FASTA_ORDER_PLUS_ASSUMED	gltF4	gltG4	687	Howell2013_CDS_FASTA_KC795279-KC795550_plus_KC853023;docs/capsule_locus_architecture.md
4	SW124	KC795357.1	gltG4		7	REFERENCE_FASTA_ORDER_PLUS_ASSUMED	wciP4	lstB4	753	Howell2013_CDS_FASTA_KC795279-KC795550_plus_KC853023;docs/capsule_locus_architecture.md
4	SW124	KC795358.1	lstB4		8	REFERENCE_FASTA_ORDER_PLUS_ASSUMED	gltG4	lstA4	261	Howell2013_CDS_FASTA_KC795279-KC795550_plus_KC853023;docs/capsule_locus_architecture.md
4	SW124	KC795359.1	lstA4		9	REFERENCE_FASTA_ORDER_PLUS_ASSUMED	lstB4	wza4	927	Howell2013_CDS_FASTA_KC795279-KC795550_plus_KC853023;docs/capsule_locus_architecture.md
4	SW124	KC795360.1	wza4		10	REFERENCE_FASTA_ORDER_PLUS_ASSUMED	lstA4	wzb4	1158	Howell2013_CDS_FASTA_KC795279-KC795550_plus_KC853023;docs/capsule_locus_architecture.md
4	SW124	KC795362.1	wzb4		11	REFERENCE_FASTA_ORDER_PLUS_ASSUMED	wza4	wzs4	444	Howell2013_CDS_FASTA_KC795279-KC795550_plus_KC853023;docs/capsule_locus_architecture.md
4	SW124	KC795363.1	wzs4		12	REFERENCE_FASTA_ORDER_PLUS_ASSUMED	wzb4	iscR4	2088	Howell2013_CDS_FASTA_KC795279-KC795550_plus_KC853023;docs/capsule_locus_architecture.md
4	SW124	KC795364.1	iscR4		13	REFERENCE_FASTA_ORDER_PLUS_ASSUMED	wzs4		447	Howell2013_CDS_FASTA_KC795279-KC795550_plus_KC853023;docs/capsule_locus_architecture.md
5	Nagasaki	KC795336.1	funA5		1	REFERENCE_FASTA_ORDER_PLUS_ASSUMED		neuA5	471	Howell2013_CDS_FASTA_KC795279-KC795550_plus_KC853023;docs/capsule_locus_architecture.md
5	Nagasaki	KC795337.1	neuA5		2	REFERENCE_FASTA_ORDER_PLUS_ASSUMED	funA5	wzx5	681	Howell2013_CDS_FASTA_KC795279-KC795550_plus_KC853023;docs/capsule_locus_architecture.md
5	Nagasaki	KC795338.1	wzx5		3	REFERENCE_FASTA_ORDER_PLUS_ASSUMED	neuA5	lsgB5	1197	Howell2013_CDS_FASTA_KC795279-KC795550_plus_KC853023;docs/capsule_locus_architecture.md
5	Nagasaki	KC795339.1	lsgB5		4	REFERENCE_FASTA_ORDER_PLUS_ASSUMED	wzx5	funK5	969	Howell2013_CDS_FASTA_KC795279-KC795550_plus_KC853023;docs/capsule_locus_architecture.md
5	Nagasaki	KC795340.1	funK5		5	REFERENCE_FASTA_ORDER_PLUS_ASSUMED	lsgB5	wcwK5	1008	Howell2013_CDS_FASTA_KC795279-KC795550_plus_KC853023;docs/capsule_locus_architecture.md
5	Nagasaki	KC795341.1	wcwK5		6	REFERENCE_FASTA_ORDER_PLUS_ASSUMED	funK5	wcfQ5	1032	Howell2013_CDS_FASTA_KC795279-KC795550_plus_KC853023;docs/capsule_locus_architecture.md
5	Nagasaki	KC795342.1	wcfQ5		7	REFERENCE_FASTA_ORDER_PLUS_ASSUMED	wcwK5	wbgX5	819	Howell2013_CDS_FASTA_KC795279-KC795550_plus_KC853023;docs/capsule_locus_architecture.md
5	Nagasaki	KC795343.1	wbgX5		8	REFERENCE_FASTA_ORDER_PLUS_ASSUMED	wcfQ5	wbgY5	1152	Howell2013_CDS_FASTA_KC795279-KC795550_plus_KC853023;docs/capsule_locus_architecture.md
5	Nagasaki	KC795344.1	wbgY5		9	REFERENCE_FASTA_ORDER_PLUS_ASSUMED	wbgX5	capD5	594	Howell2013_CDS_FASTA_KC795279-KC795550_plus_KC853023;docs/capsule_locus_architecture.md
5	Nagasaki	KC795345.1	capD5		10	REFERENCE_FASTA_ORDER_PLUS_ASSUMED	wbgY5	wza5	1941	Howell2013_CDS_FASTA_KC795279-KC795550_plus_KC853023;docs/capsule_locus_architecture.md
5	Nagasaki	KC795346.1	wza5		11	REFERENCE_FASTA_ORDER_PLUS_ASSUMED	capD5	wzb5	1155	Howell2013_CDS_FASTA_KC795279-KC795550_plus_KC853023;docs/capsule_locus_architecture.md
5	Nagasaki	KC795348.1	wzb5		12	REFERENCE_FASTA_ORDER_PLUS_ASSUMED	wza5	wzs5	444	Howell2013_CDS_FASTA_KC795279-KC795550_plus_KC853023;docs/capsule_locus_architecture.md
5	Nagasaki	KC795349.1	wzs5		13	REFERENCE_FASTA_ORDER_PLUS_ASSUMED	wzb5	iscR5	2088	Howell2013_CDS_FASTA_KC795279-KC795550_plus_KC853023;docs/capsule_locus_architecture.md
5	Nagasaki	KC795350.1	iscR5		14	REFERENCE_FASTA_ORDER_PLUS_ASSUMED	wzs5		447	Howell2013_CDS_FASTA_KC795279-KC795550_plus_KC853023;docs/capsule_locus_architecture.md
6	131	KC795365.1	funA6		1	REFERENCE_FASTA_ORDER_PLUS_ASSUMED		neuA6	582	Howell2013_CDS_FASTA_KC795279-KC795550_plus_KC853023;docs/capsule_locus_architecture.md
6	131	KC795367.1	neuA6		2	REFERENCE_FASTA_ORDER_PLUS_ASSUMED	funA6	wzx6	681	Howell2013_CDS_FASTA_KC795279-KC795550_plus_KC853023;docs/capsule_locus_architecture.md
6	131	KC795368.1	wzx6		3	REFERENCE_FASTA_ORDER_PLUS_ASSUMED	neuA6	lsgB6	1197	Howell2013_CDS_FASTA_KC795279-KC795550_plus_KC853023;docs/capsule_locus_architecture.md
6	131	KC795369.1	lsgB6		4	REFERENCE_FASTA_ORDER_PLUS_ASSUMED	wzx6	gltH6	972	Howell2013_CDS_FASTA_KC795279-KC795550_plus_KC853023;docs/capsule_locus_architecture.md
6	131	KC795370.1	gltH6		5	REFERENCE_FASTA_ORDER_PLUS_ASSUMED	lsgB6	funL6	825	Howell2013_CDS_FASTA_KC795279-KC795550_plus_KC853023;docs/capsule_locus_architecture.md
6	131	KC795371.1	funL6		6	REFERENCE_FASTA_ORDER_PLUS_ASSUMED	gltH6	gltI6	1167	Howell2013_CDS_FASTA_KC795279-KC795550_plus_KC853023;docs/capsule_locus_architecture.md
6	131	KC795372.1	gltI6		7	REFERENCE_FASTA_ORDER_PLUS_ASSUMED	funL6	wcfQ6	996	Howell2013_CDS_FASTA_KC795279-KC795550_plus_KC853023;docs/capsule_locus_architecture.md
6	131	KC795373.1	wcfQ6		8	REFERENCE_FASTA_ORDER_PLUS_ASSUMED	gltI6	wbgX6	816	Howell2013_CDS_FASTA_KC795279-KC795550_plus_KC853023;docs/capsule_locus_architecture.md
6	131	KC795374.1	wbgX6		9	REFERENCE_FASTA_ORDER_PLUS_ASSUMED	wcfQ6	wbgY6	1152	Howell2013_CDS_FASTA_KC795279-KC795550_plus_KC853023;docs/capsule_locus_architecture.md
6	131	KC795375.1	wbgY6		10	REFERENCE_FASTA_ORDER_PLUS_ASSUMED	wbgX6	funM6	594	Howell2013_CDS_FASTA_KC795279-KC795550_plus_KC853023;docs/capsule_locus_architecture.md
6	131	KC795376.1	funM6		11	REFERENCE_FASTA_ORDER_PLUS_ASSUMED	wbgY6	funN6	1293	Howell2013_CDS_FASTA_KC795279-KC795550_plus_KC853023;docs/capsule_locus_architecture.md
6	131	KC795377.1	funN6		12	REFERENCE_FASTA_ORDER_PLUS_ASSUMED	funM6	capD6	522	Howell2013_CDS_FASTA_KC795279-KC795550_plus_KC853023;docs/capsule_locus_architecture.md
6	131	KC795378.1	capD6		13	REFERENCE_FASTA_ORDER_PLUS_ASSUMED	funN6	wza6	1941	Howell2013_CDS_FASTA_KC795279-KC795550_plus_KC853023;docs/capsule_locus_architecture.md
6	131	KC795379.1	wza6		14	REFERENCE_FASTA_ORDER_PLUS_ASSUMED	capD6	wzb6	1155	Howell2013_CDS_FASTA_KC795279-KC795550_plus_KC853023;docs/capsule_locus_architecture.md
6	131	KC795381.1	wzb6		15	REFERENCE_FASTA_ORDER_PLUS_ASSUMED	wza6	wzs6	444	Howell2013_CDS_FASTA_KC795279-KC795550_plus_KC853023;docs/capsule_locus_architecture.md
6	131	KC795382.1	wzs6		16	REFERENCE_FASTA_ORDER_PLUS_ASSUMED	wzb6	iscR6	2088	Howell2013_CDS_FASTA_KC795279-KC795550_plus_KC853023;docs/capsule_locus_architecture.md
6	131	KC795383.1	iscR6		17	REFERENCE_FASTA_ORDER_PLUS_ASSUMED	wzs6		447	Howell2013_CDS_FASTA_KC795279-KC795550_plus_KC853023;docs/capsule_locus_architecture.md
7	174	KC795384.1	funA7		1	REFERENCE_FASTA_ORDER_PLUS_ASSUMED		neuA7	582	Howell2013_CDS_FASTA_KC795279-KC795550_plus_KC853023;docs/capsule_locus_architecture.md
7	174	KC795386.1	neuA7		2	REFERENCE_FASTA_ORDER_PLUS_ASSUMED	funA7	wzx7	681	Howell2013_CDS_FASTA_KC795279-KC795550_plus_KC853023;docs/capsule_locus_architecture.md
7	174	KC795387.1	wzx7		3	REFERENCE_FASTA_ORDER_PLUS_ASSUMED	neuA7	astA7	1197	Howell2013_CDS_FASTA_KC795279-KC795550_plus_KC853023;docs/capsule_locus_architecture.md
7	174	KC795388.1	astA7		4	REFERENCE_FASTA_ORDER_PLUS_ASSUMED	wzx7	funP7	1008	Howell2013_CDS_FASTA_KC795279-KC795550_plus_KC853023;docs/capsule_locus_architecture.md
7	174	KC795389.1	funP7		5	REFERENCE_FASTA_ORDER_PLUS_ASSUMED	astA7	funQ7	795	Howell2013_CDS_FASTA_KC795279-KC795550_plus_KC853023;docs/capsule_locus_architecture.md
7	174	KC795390.1	funQ7		6	REFERENCE_FASTA_ORDER_PLUS_ASSUMED	funP7	gltJ7	1182	Howell2013_CDS_FASTA_KC795279-KC795550_plus_KC853023;docs/capsule_locus_architecture.md
7	174	KC795391.1	gltJ7		7	REFERENCE_FASTA_ORDER_PLUS_ASSUMED	funQ7	cap5E7	1215	Howell2013_CDS_FASTA_KC795279-KC795550_plus_KC853023;docs/capsule_locus_architecture.md
7	174	KC795392.1	cap5E7		8	REFERENCE_FASTA_ORDER_PLUS_ASSUMED	gltJ7	ndeA7	1050	Howell2013_CDS_FASTA_KC795279-KC795550_plus_KC853023;docs/capsule_locus_architecture.md
7	174	KC795393.1	ndeA7		9	REFERENCE_FASTA_ORDER_PLUS_ASSUMED	cap5E7	naeA7	1113	Howell2013_CDS_FASTA_KC795279-KC795550_plus_KC853023;docs/capsule_locus_architecture.md
7	174	KC795394.1	naeA7		10	REFERENCE_FASTA_ORDER_PLUS_ASSUMED	ndeA7	gltA7	1131	Howell2013_CDS_FASTA_KC795279-KC795550_plus_KC853023;docs/capsule_locus_architecture.md
7	174	KC795395.1	gltA7		11	REFERENCE_FASTA_ORDER_PLUS_ASSUMED	naeA7	ndeB7	1218	Howell2013_CDS_FASTA_KC795279-KC795550_plus_KC853023;docs/capsule_locus_architecture.md
7	174	KC795396.1	ndeB7		12	REFERENCE_FASTA_ORDER_PLUS_ASSUMED	gltA7	pilT7	620	Howell2013_CDS_FASTA_KC795279-KC795550_plus_KC853023;docs/capsule_locus_architecture.md
7	174	KC795397.1	pilT7		13	REFERENCE_FASTA_ORDER_PLUS_ASSUMED	ndeB7	cap5M7	393	Howell2013_CDS_FASTA_KC795279-KC795550_plus_KC853023;docs/capsule_locus_architecture.md
7	174	KC795398.1	cap5M7		14	REFERENCE_FASTA_ORDER_PLUS_ASSUMED	pilT7	capD7	549	Howell2013_CDS_FASTA_KC795279-KC795550_plus_KC853023;docs/capsule_locus_architecture.md
7	174	KC795399.1	capD7		15	REFERENCE_FASTA_ORDER_PLUS_ASSUMED	cap5M7	wza7	1950	Howell2013_CDS_FASTA_KC795279-KC795550_plus_KC853023;docs/capsule_locus_architecture.md
7	174	KC795400.1	wza7		16	REFERENCE_FASTA_ORDER_PLUS_ASSUMED	capD7	wzb7	1155	Howell2013_CDS_FASTA_KC795279-KC795550_plus_KC853023;docs/capsule_locus_architecture.md
7	174	KC795402.1	wzb7		17	REFERENCE_FASTA_ORDER_PLUS_ASSUMED	wza7	wzs7	444	Howell2013_CDS_FASTA_KC795279-KC795550_plus_KC853023;docs/capsule_locus_architecture.md
7	174	KC795403.1	wzs7		18	REFERENCE_FASTA_ORDER_PLUS_ASSUMED	wzb7	iscR7	2088	Howell2013_CDS_FASTA_KC795279-KC795550_plus_KC853023;docs/capsule_locus_architecture.md
7	174	KC795404.1	iscR7		19	REFERENCE_FASTA_ORDER_PLUS_ASSUMED	wzs7		447	Howell2013_CDS_FASTA_KC795279-KC795550_plus_KC853023;docs/capsule_locus_architecture.md
8	C5	KC795405.1	funA8		1	REFERENCE_FASTA_ORDER_PLUS_ASSUMED		neuA8	582	Howell2013_CDS_FASTA_KC795279-KC795550_plus_KC853023;docs/capsule_locus_architecture.md
8	C5	KC795406.1	neuA8		2	REFERENCE_FASTA_ORDER_PLUS_ASSUMED	funA8	wzx8	711	Howell2013_CDS_FASTA_KC795279-KC795550_plus_KC853023;docs/capsule_locus_architecture.md
8	C5	KC795407.1	wzx8		3	REFERENCE_FASTA_ORDER_PLUS_ASSUMED	neuA8	astA8	1197	Howell2013_CDS_FASTA_KC795279-KC795550_plus_KC853023;docs/capsule_locus_architecture.md
8	C5	KC795408.1	astA8		4	REFERENCE_FASTA_ORDER_PLUS_ASSUMED	wzx8	gltH8	1008	Howell2013_CDS_FASTA_KC795279-KC795550_plus_KC853023;docs/capsule_locus_architecture.md
8	C5	KC795409.1	gltH8		5	REFERENCE_FASTA_ORDER_PLUS_ASSUMED	astA8	adlA8	1002	Howell2013_CDS_FASTA_KC795279-KC795550_plus_KC853023;docs/capsule_locus_architecture.md
8	C5	KC795410.1	adlA8		6	REFERENCE_FASTA_ORDER_PLUS_ASSUMED	gltH8	scdA8	1158	Howell2013_CDS_FASTA_KC795279-KC795550_plus_KC853023;docs/capsule_locus_architecture.md
8	C5	KC795411.1	scdA8		7	REFERENCE_FASTA_ORDER_PLUS_ASSUMED	adlA8	funS8	1203	Howell2013_CDS_FASTA_KC795279-KC795550_plus_KC853023;docs/capsule_locus_architecture.md
8	C5	KC795412.1	funS8		8	REFERENCE_FASTA_ORDER_PLUS_ASSUMED	scdA8	gltK8	801	Howell2013_CDS_FASTA_KC795279-KC795550_plus_KC853023;docs/capsule_locus_architecture.md
8	C5	KC795413.1	gltK8		9	REFERENCE_FASTA_ORDER_PLUS_ASSUMED	funS8	wbgX8	819	Howell2013_CDS_FASTA_KC795279-KC795550_plus_KC853023;docs/capsule_locus_architecture.md
8	C5	KC795414.1	wbgX8		10	REFERENCE_FASTA_ORDER_PLUS_ASSUMED	gltK8	wbgY8	1152	Howell2013_CDS_FASTA_KC795279-KC795550_plus_KC853023;docs/capsule_locus_architecture.md
8	C5	KC795415.1	wbgY8		11	REFERENCE_FASTA_ORDER_PLUS_ASSUMED	wbgX8	funM8	594	Howell2013_CDS_FASTA_KC795279-KC795550_plus_KC853023;docs/capsule_locus_architecture.md
8	C5	KC795416.1	funM8		12	REFERENCE_FASTA_ORDER_PLUS_ASSUMED	wbgY8	funN8	1293	Howell2013_CDS_FASTA_KC795279-KC795550_plus_KC853023;docs/capsule_locus_architecture.md
8	C5	KC795417.1	funN8		13	REFERENCE_FASTA_ORDER_PLUS_ASSUMED	funM8	wza8	522	Howell2013_CDS_FASTA_KC795279-KC795550_plus_KC853023;docs/capsule_locus_architecture.md
8	C5	KC795418.1	wza8		14	REFERENCE_FASTA_ORDER_PLUS_ASSUMED	funN8	wzb8	1155	Howell2013_CDS_FASTA_KC795279-KC795550_plus_KC853023;docs/capsule_locus_architecture.md
8	C5	KC795420.1	wzb8		15	REFERENCE_FASTA_ORDER_PLUS_ASSUMED	wza8	wzs8	444	Howell2013_CDS_FASTA_KC795279-KC795550_plus_KC853023;docs/capsule_locus_architecture.md
8	C5	KC795421.1	wzs8		16	REFERENCE_FASTA_ORDER_PLUS_ASSUMED	wzb8	iscR8	2088	Howell2013_CDS_FASTA_KC795279-KC795550_plus_KC853023;docs/capsule_locus_architecture.md
8	C5	KC795422.1	iscR8		17	REFERENCE_FASTA_ORDER_PLUS_ASSUMED	wzs8	capD8	447	Howell2013_CDS_FASTA_KC795279-KC795550_plus_KC853023;docs/capsule_locus_architecture.md
8	C5	KC853023.1	capD8		18	REFERENCE_FASTA_ORDER_PLUS_ASSUMED	iscR8		1933	Howell2013_CDS_FASTA_KC795279-KC795550_plus_KC853023;docs/capsule_locus_architecture.md
9	D74	KC795423.1	funA9		1	REFERENCE_FASTA_ORDER_PLUS_ASSUMED		neuA9	582	Howell2013_CDS_FASTA_KC795279-KC795550_plus_KC853023;docs/capsule_locus_architecture.md
9	D74	KC795425.1	neuA9		2	REFERENCE_FASTA_ORDER_PLUS_ASSUMED	funA9	wzx9	681	Howell2013_CDS_FASTA_KC795279-KC795550_plus_KC853023;docs/capsule_locus_architecture.md
9	D74	KC795426.1	wzx9		3	REFERENCE_FASTA_ORDER_PLUS_ASSUMED	neuA9	astA9	1197	Howell2013_CDS_FASTA_KC795279-KC795550_plus_KC853023;docs/capsule_locus_architecture.md
9	D74	KC795427.1	astA9		4	REFERENCE_FASTA_ORDER_PLUS_ASSUMED	wzx9	funP9	1008	Howell2013_CDS_FASTA_KC795279-KC795550_plus_KC853023;docs/capsule_locus_architecture.md
9	D74	KC795428.1	funP9		5	REFERENCE_FASTA_ORDER_PLUS_ASSUMED	astA9	funV9	810	Howell2013_CDS_FASTA_KC795279-KC795550_plus_KC853023;docs/capsule_locus_architecture.md
9	D74	KC795429.1	funV9		6	REFERENCE_FASTA_ORDER_PLUS_ASSUMED	funP9	gltL9	1167	Howell2013_CDS_FASTA_KC795279-KC795550_plus_KC853023;docs/capsule_locus_architecture.md
9	D74	KC795430.1	gltL9		7	REFERENCE_FASTA_ORDER_PLUS_ASSUMED	funV9	gltM9	1119	Howell2013_CDS_FASTA_KC795279-KC795550_plus_KC853023;docs/capsule_locus_architecture.md
9	D74	KC795431.1	gltM9		8	REFERENCE_FASTA_ORDER_PLUS_ASSUMED	gltL9	ndeB9	1134	Howell2013_CDS_FASTA_KC795279-KC795550_plus_KC853023;docs/capsule_locus_architecture.md
9	D74	KC795432.1	ndeB9		9	REFERENCE_FASTA_ORDER_PLUS_ASSUMED	gltM9	pilT9	858	Howell2013_CDS_FASTA_KC795279-KC795550_plus_KC853023;docs/capsule_locus_architecture.md
9	D74	KC795433.1	pilT9		10	REFERENCE_FASTA_ORDER_PLUS_ASSUMED	ndeB9	cap5M9	393	Howell2013_CDS_FASTA_KC795279-KC795550_plus_KC853023;docs/capsule_locus_architecture.md
9	D74	KC795434.1	cap5M9		11	REFERENCE_FASTA_ORDER_PLUS_ASSUMED	pilT9	capD9	549	Howell2013_CDS_FASTA_KC795279-KC795550_plus_KC853023;docs/capsule_locus_architecture.md
9	D74	KC795435.1	capD9		12	REFERENCE_FASTA_ORDER_PLUS_ASSUMED	cap5M9	wza9	1941	Howell2013_CDS_FASTA_KC795279-KC795550_plus_KC853023;docs/capsule_locus_architecture.md
9	D74	KC795436.1	wza9		13	REFERENCE_FASTA_ORDER_PLUS_ASSUMED	capD9	wzb9	1155	Howell2013_CDS_FASTA_KC795279-KC795550_plus_KC853023;docs/capsule_locus_architecture.md
9	D74	KC795438.1	wzb9		14	REFERENCE_FASTA_ORDER_PLUS_ASSUMED	wza9	wzs9	444	Howell2013_CDS_FASTA_KC795279-KC795550_plus_KC853023;docs/capsule_locus_architecture.md
9	D74	KC795439.1	wzs9		15	REFERENCE_FASTA_ORDER_PLUS_ASSUMED	wzb9	iscR9	2088	Howell2013_CDS_FASTA_KC795279-KC795550_plus_KC853023;docs/capsule_locus_architecture.md
9	D74	KC795440.1	iscR9		16	REFERENCE_FASTA_ORDER_PLUS_ASSUMED	wzs9		447	Howell2013_CDS_FASTA_KC795279-KC795550_plus_KC853023;docs/capsule_locus_architecture.md
10	H555	KC795441.1	funA10		1	REFERENCE_FASTA_ORDER_PLUS_ASSUMED		neuA10	582	Howell2013_CDS_FASTA_KC795279-KC795550_plus_KC853023;docs/capsule_locus_architecture.md
10	H555	KC795443.1	neuA10		2	REFERENCE_FASTA_ORDER_PLUS_ASSUMED	funA10	wzx10	681	Howell2013_CDS_FASTA_KC795279-KC795550_plus_KC853023;docs/capsule_locus_architecture.md
10	H555	KC795444.1	wzx10		3	REFERENCE_FASTA_ORDER_PLUS_ASSUMED	neuA10	astA10	1197	Howell2013_CDS_FASTA_KC795279-KC795550_plus_KC853023;docs/capsule_locus_architecture.md
10	H555	KC795445.1	astA10		4	REFERENCE_FASTA_ORDER_PLUS_ASSUMED	wzx10	gltH10	1008	Howell2013_CDS_FASTA_KC795279-KC795550_plus_KC853023;docs/capsule_locus_architecture.md
10	H555	KC795446.1	gltH10		5	REFERENCE_FASTA_ORDER_PLUS_ASSUMED	astA10	adlA10	1002	Howell2013_CDS_FASTA_KC795279-KC795550_plus_KC853023;docs/capsule_locus_architecture.md
10	H555	KC795447.1	adlA10		6	REFERENCE_FASTA_ORDER_PLUS_ASSUMED	gltH10	funX10	1104	Howell2013_CDS_FASTA_KC795279-KC795550_plus_KC853023;docs/capsule_locus_architecture.md
10	H555	KC795448.1	funX10		7	REFERENCE_FASTA_ORDER_PLUS_ASSUMED	adlA10	funS10	1284	Howell2013_CDS_FASTA_KC795279-KC795550_plus_KC853023;docs/capsule_locus_architecture.md
10	H555	KC795449.1	funS10		8	REFERENCE_FASTA_ORDER_PLUS_ASSUMED	funX10	gltK10	807	Howell2013_CDS_FASTA_KC795279-KC795550_plus_KC853023;docs/capsule_locus_architecture.md
10	H555	KC795450.1	gltK10		9	REFERENCE_FASTA_ORDER_PLUS_ASSUMED	funS10	wbgX10	819	Howell2013_CDS_FASTA_KC795279-KC795550_plus_KC853023;docs/capsule_locus_architecture.md
10	H555	KC795451.1	wbgX10		10	REFERENCE_FASTA_ORDER_PLUS_ASSUMED	gltK10	wbgY10	1152	Howell2013_CDS_FASTA_KC795279-KC795550_plus_KC853023;docs/capsule_locus_architecture.md
10	H555	KC795452.1	wbgY10		11	REFERENCE_FASTA_ORDER_PLUS_ASSUMED	wbgX10	funM10	594	Howell2013_CDS_FASTA_KC795279-KC795550_plus_KC853023;docs/capsule_locus_architecture.md
10	H555	KC795453.1	funM10		12	REFERENCE_FASTA_ORDER_PLUS_ASSUMED	wbgY10	capD10	1293	Howell2013_CDS_FASTA_KC795279-KC795550_plus_KC853023;docs/capsule_locus_architecture.md
10	H555	KC795454.1	capD10		13	REFERENCE_FASTA_ORDER_PLUS_ASSUMED	funM10	wza10	1941	Howell2013_CDS_FASTA_KC795279-KC795550_plus_KC853023;docs/capsule_locus_architecture.md
10	H555	KC795455.1	wza10		14	REFERENCE_FASTA_ORDER_PLUS_ASSUMED	capD10	wzb10	1155	Howell2013_CDS_FASTA_KC795279-KC795550_plus_KC853023;docs/capsule_locus_architecture.md
10	H555	KC795457.1	wzb10		15	REFERENCE_FASTA_ORDER_PLUS_ASSUMED	wza10	wzs10	444	Howell2013_CDS_FASTA_KC795279-KC795550_plus_KC853023;docs/capsule_locus_architecture.md
10	H555	KC795458.1	wzs10		16	REFERENCE_FASTA_ORDER_PLUS_ASSUMED	wzb10	iscR10	2088	Howell2013_CDS_FASTA_KC795279-KC795550_plus_KC853023;docs/capsule_locus_architecture.md
10	H555	KC795459.1	iscR10		17	REFERENCE_FASTA_ORDER_PLUS_ASSUMED	wzs10		447	Howell2013_CDS_FASTA_KC795279-KC795550_plus_KC853023;docs/capsule_locus_architecture.md
11	H465	KC795460.1	funA11		1	REFERENCE_FASTA_ORDER_PLUS_ASSUMED		funB11	582	Howell2013_CDS_FASTA_KC795279-KC795550_plus_KC853023;docs/capsule_locus_architecture.md
11	H465	KC795461.1	funB11		2	REFERENCE_FASTA_ORDER_PLUS_ASSUMED	funA11	hydA11	1245	Howell2013_CDS_FASTA_KC795279-KC795550_plus_KC853023;docs/capsule_locus_architecture.md
11	H465	KC795462.1	hydA11		3	REFERENCE_FASTA_ORDER_PLUS_ASSUMED	funB11	funC11	1491	Howell2013_CDS_FASTA_KC795279-KC795550_plus_KC853023;docs/capsule_locus_architecture.md
11	H465	KC795463.1	funC11		4	REFERENCE_FASTA_ORDER_PLUS_ASSUMED	hydA11	gptA11	270	Howell2013_CDS_FASTA_KC795279-KC795550_plus_KC853023;docs/capsule_locus_architecture.md
11	H465	KC795464.1	gptA11		5	REFERENCE_FASTA_ORDER_PLUS_ASSUMED	funC11	wbuS11	1230	Howell2013_CDS_FASTA_KC795279-KC795550_plus_KC853023;docs/capsule_locus_architecture.md
11	H465	KC795465.1	wbuS11		6	REFERENCE_FASTA_ORDER_PLUS_ASSUMED	gptA11	wzy11	981	Howell2013_CDS_FASTA_KC795279-KC795550_plus_KC853023;docs/capsule_locus_architecture.md
11	H465	KC795466.1	wzy11		7	REFERENCE_FASTA_ORDER_PLUS_ASSUMED	wbuS11	cap5E11	1176	Howell2013_CDS_FASTA_KC795279-KC795550_plus_KC853023;docs/capsule_locus_architecture.md
11	H465	KC795467.1	cap5E11		8	REFERENCE_FASTA_ORDER_PLUS_ASSUMED	wzy11	ndeA11	1032	Howell2013_CDS_FASTA_KC795279-KC795550_plus_KC853023;docs/capsule_locus_architecture.md
11	H465	KC795468.1	ndeA11		9	REFERENCE_FASTA_ORDER_PLUS_ASSUMED	cap5E11	naeA11	1113	Howell2013_CDS_FASTA_KC795279-KC795550_plus_KC853023;docs/capsule_locus_architecture.md
11	H465	KC795469.1	naeA11		10	REFERENCE_FASTA_ORDER_PLUS_ASSUMED	ndeA11	gltO11	1131	Howell2013_CDS_FASTA_KC795279-KC795550_plus_KC853023;docs/capsule_locus_architecture.md
11	H465	KC795470.1	gltO11		11	REFERENCE_FASTA_ORDER_PLUS_ASSUMED	naeA11	bstA11	1281	Howell2013_CDS_FASTA_KC795279-KC795550_plus_KC853023;docs/capsule_locus_architecture.md
11	H465	KC795471.1	bstA11		12	REFERENCE_FASTA_ORDER_PLUS_ASSUMED	gltO11	actA11	582	Howell2013_CDS_FASTA_KC795279-KC795550_plus_KC853023;docs/capsule_locus_architecture.md
11	H465	KC795472.1	actA11		13	REFERENCE_FASTA_ORDER_PLUS_ASSUMED	bstA11	funY11	657	Howell2013_CDS_FASTA_KC795279-KC795550_plus_KC853023;docs/capsule_locus_architecture.md
11	H465	KC795473.1	funY11		14	REFERENCE_FASTA_ORDER_PLUS_ASSUMED	actA11	amtA11	432	Howell2013_CDS_FASTA_KC795279-KC795550_plus_KC853023;docs/capsule_locus_architecture.md
11	H465	KC795474.1	amtA11		15	REFERENCE_FASTA_ORDER_PLUS_ASSUMED	funY11	capD11	1179	Howell2013_CDS_FASTA_KC795279-KC795550_plus_KC853023;docs/capsule_locus_architecture.md
11	H465	KC795475.1	capD11		16	REFERENCE_FASTA_ORDER_PLUS_ASSUMED	amtA11	wza11	1965	Howell2013_CDS_FASTA_KC795279-KC795550_plus_KC853023;docs/capsule_locus_architecture.md
11	H465	KC795476.1	wza11		17	REFERENCE_FASTA_ORDER_PLUS_ASSUMED	capD11	wzb11	1167	Howell2013_CDS_FASTA_KC795279-KC795550_plus_KC853023;docs/capsule_locus_architecture.md
11	H465	KC795478.1	wzb11		18	REFERENCE_FASTA_ORDER_PLUS_ASSUMED	wza11	wzs11	444	Howell2013_CDS_FASTA_KC795279-KC795550_plus_KC853023;docs/capsule_locus_architecture.md
11	H465	KC795479.1	wzs11		19	REFERENCE_FASTA_ORDER_PLUS_ASSUMED	wzb11	iscR11	2088	Howell2013_CDS_FASTA_KC795279-KC795550_plus_KC853023;docs/capsule_locus_architecture.md
11	H465	KC795480.1	iscR11		20	REFERENCE_FASTA_ORDER_PLUS_ASSUMED	wzs11		447	Howell2013_CDS_FASTA_KC795279-KC795550_plus_KC853023;docs/capsule_locus_architecture.md
12	H425	KC795481.1	funA12		1	REFERENCE_FASTA_ORDER_PLUS_ASSUMED		neuA12	582	Howell2013_CDS_FASTA_KC795279-KC795550_plus_KC853023;docs/capsule_locus_architecture.md
12	H425	KC795482.1	neuA12		2	REFERENCE_FASTA_ORDER_PLUS_ASSUMED	funA12	wzx12	585	Howell2013_CDS_FASTA_KC795279-KC795550_plus_KC853023;docs/capsule_locus_architecture.md
12	H425	KC795483.1	wzx12		3	REFERENCE_FASTA_ORDER_PLUS_ASSUMED	neuA12	lsgB12	1197	Howell2013_CDS_FASTA_KC795279-KC795550_plus_KC853023;docs/capsule_locus_architecture.md
12	H425	KC795484.1	lsgB12		4	REFERENCE_FASTA_ORDER_PLUS_ASSUMED	wzx12	funK12	969	Howell2013_CDS_FASTA_KC795279-KC795550_plus_KC853023;docs/capsule_locus_architecture.md
12	H425	KC795485.1	funK12		5	REFERENCE_FASTA_ORDER_PLUS_ASSUMED	lsgB12	wcwK12	1029	Howell2013_CDS_FASTA_KC795279-KC795550_plus_KC853023;docs/capsule_locus_architecture.md
12	H425	KC795486.1	wcwK12		6	REFERENCE_FASTA_ORDER_PLUS_ASSUMED	funK12	wcfQ12	1032	Howell2013_CDS_FASTA_KC795279-KC795550_plus_KC853023;docs/capsule_locus_architecture.md
12	H425	KC795487.1	wcfQ12		7	REFERENCE_FASTA_ORDER_PLUS_ASSUMED	wcwK12	wbgX12	819	Howell2013_CDS_FASTA_KC795279-KC795550_plus_KC853023;docs/capsule_locus_architecture.md
12	H425	KC795488.1	wbgX12		8	REFERENCE_FASTA_ORDER_PLUS_ASSUMED	wcfQ12	wbgY12	1209	Howell2013_CDS_FASTA_KC795279-KC795550_plus_KC853023;docs/capsule_locus_architecture.md
12	H425	KC795489.1	wbgY12		9	REFERENCE_FASTA_ORDER_PLUS_ASSUMED	wbgX12	capD12	594	Howell2013_CDS_FASTA_KC795279-KC795550_plus_KC853023;docs/capsule_locus_architecture.md
12	H425	KC795490.1	capD12		10	REFERENCE_FASTA_ORDER_PLUS_ASSUMED	wbgY12	wza12	1941	Howell2013_CDS_FASTA_KC795279-KC795550_plus_KC853023;docs/capsule_locus_architecture.md
12	H425	KC795491.1	wza12		11	REFERENCE_FASTA_ORDER_PLUS_ASSUMED	capD12	wzb12	1155	Howell2013_CDS_FASTA_KC795279-KC795550_plus_KC853023;docs/capsule_locus_architecture.md
12	H425	KC795493.1	wzb12		12	REFERENCE_FASTA_ORDER_PLUS_ASSUMED	wza12	wzs12	444	Howell2013_CDS_FASTA_KC795279-KC795550_plus_KC853023;docs/capsule_locus_architecture.md
12	H425	KC795494.1	wzs12		13	REFERENCE_FASTA_ORDER_PLUS_ASSUMED	wzb12	iscR12	2088	Howell2013_CDS_FASTA_KC795279-KC795550_plus_KC853023;docs/capsule_locus_architecture.md
12	H425	KC795495.1	iscR12		14	REFERENCE_FASTA_ORDER_PLUS_ASSUMED	wzs12		447	Howell2013_CDS_FASTA_KC795279-KC795550_plus_KC853023;docs/capsule_locus_architecture.md
13	IA-84-17975	KC795496.1	funA13		1	REFERENCE_FASTA_ORDER_PLUS_ASSUMED		neuA13	582	Howell2013_CDS_FASTA_KC795279-KC795550_plus_KC853023;docs/capsule_locus_architecture.md
13	IA-84-17975	KC795497.1	neuA13		2	REFERENCE_FASTA_ORDER_PLUS_ASSUMED	funA13	wzx13	741	Howell2013_CDS_FASTA_KC795279-KC795550_plus_KC853023;docs/capsule_locus_architecture.md
13	IA-84-17975	KC795498.1	wzx13		3	REFERENCE_FASTA_ORDER_PLUS_ASSUMED	neuA13	lsgB13	1197	Howell2013_CDS_FASTA_KC795279-KC795550_plus_KC853023;docs/capsule_locus_architecture.md
13	IA-84-17975	KC795499.1	lsgB13		4	REFERENCE_FASTA_ORDER_PLUS_ASSUMED	wzx13	gltP13	987	Howell2013_CDS_FASTA_KC795279-KC795550_plus_KC853023;docs/capsule_locus_architecture.md
13	IA-84-17975	KC795500.1	gltP13		5	REFERENCE_FASTA_ORDER_PLUS_ASSUMED	lsgB13	funZ13	1092	Howell2013_CDS_FASTA_KC795279-KC795550_plus_KC853023;docs/capsule_locus_architecture.md
13	IA-84-17975	KC795501.1	funZ13		6	REFERENCE_FASTA_ORDER_PLUS_ASSUMED	gltP13	waaL13	885	Howell2013_CDS_FASTA_KC795279-KC795550_plus_KC853023;docs/capsule_locus_architecture.md
13	IA-84-17975	KC795502.1	waaL13		7	REFERENCE_FASTA_ORDER_PLUS_ASSUMED	funZ13	gltM13	1161	Howell2013_CDS_FASTA_KC795279-KC795550_plus_KC853023;docs/capsule_locus_architecture.md
13	IA-84-17975	KC795503.1	gltM13		8	REFERENCE_FASTA_ORDER_PLUS_ASSUMED	waaL13	ndeB13	1134	Howell2013_CDS_FASTA_KC795279-KC795550_plus_KC853023;docs/capsule_locus_architecture.md
13	IA-84-17975	KC795504.1	ndeB13		9	REFERENCE_FASTA_ORDER_PLUS_ASSUMED	gltM13	pilT13	858	Howell2013_CDS_FASTA_KC795279-KC795550_plus_KC853023;docs/capsule_locus_architecture.md
13	IA-84-17975	KC795505.1	pilT13		10	REFERENCE_FASTA_ORDER_PLUS_ASSUMED	ndeB13	cap5M13	393	Howell2013_CDS_FASTA_KC795279-KC795550_plus_KC853023;docs/capsule_locus_architecture.md
13	IA-84-17975	KC795506.1	cap5M13		11	REFERENCE_FASTA_ORDER_PLUS_ASSUMED	pilT13	capD13	570	Howell2013_CDS_FASTA_KC795279-KC795550_plus_KC853023;docs/capsule_locus_architecture.md
13	IA-84-17975	KC795507.1	capD13		12	REFERENCE_FASTA_ORDER_PLUS_ASSUMED	cap5M13	wza13	1950	Howell2013_CDS_FASTA_KC795279-KC795550_plus_KC853023;docs/capsule_locus_architecture.md
13	IA-84-17975	KC795508.1	wza13		13	REFERENCE_FASTA_ORDER_PLUS_ASSUMED	capD13	wzb13	1155	Howell2013_CDS_FASTA_KC795279-KC795550_plus_KC853023;docs/capsule_locus_architecture.md
13	IA-84-17975	KC795510.1	wzb13		14	REFERENCE_FASTA_ORDER_PLUS_ASSUMED	wza13	wzs13	444	Howell2013_CDS_FASTA_KC795279-KC795550_plus_KC853023;docs/capsule_locus_architecture.md
13	IA-84-17975	KC795511.1	wzs13		15	REFERENCE_FASTA_ORDER_PLUS_ASSUMED	wzb13	iscR13	2088	Howell2013_CDS_FASTA_KC795279-KC795550_plus_KC853023;docs/capsule_locus_architecture.md
13	IA-84-17975	KC795512.1	iscR13		16	REFERENCE_FASTA_ORDER_PLUS_ASSUMED	wzs13		447	Howell2013_CDS_FASTA_KC795279-KC795550_plus_KC853023;docs/capsule_locus_architecture.md
14	IA-84-22113	KC795513.1	funA14		1	REFERENCE_FASTA_ORDER_PLUS_ASSUMED		mdhA14	582	Howell2013_CDS_FASTA_KC795279-KC795550_plus_KC853023;docs/capsule_locus_architecture.md
14	IA-84-22113	KC795514.1	mdhA14		2	REFERENCE_FASTA_ORDER_PLUS_ASSUMED	funA14	mviM14	423	Howell2013_CDS_FASTA_KC795279-KC795550_plus_KC853023;docs/capsule_locus_architecture.md
14	IA-84-22113	KC795515.1	mviM14		3	REFERENCE_FASTA_ORDER_PLUS_ASSUMED	mdhA14	funAA14	948	Howell2013_CDS_FASTA_KC795279-KC795550_plus_KC853023;docs/capsule_locus_architecture.md
14	IA-84-22113	KC795516.1	funAA14		4	REFERENCE_FASTA_ORDER_PLUS_ASSUMED	mviM14	wbbJ14	351	Howell2013_CDS_FASTA_KC795279-KC795550_plus_KC853023;docs/capsule_locus_architecture.md
14	IA-84-22113	KC795517.1	wbbJ14		5	REFERENCE_FASTA_ORDER_PLUS_ASSUMED	funAA14	gstA14	576	Howell2013_CDS_FASTA_KC795279-KC795550_plus_KC853023;docs/capsule_locus_architecture.md
14	IA-84-22113	KC795518.1	gstA14		6	REFERENCE_FASTA_ORDER_PLUS_ASSUMED	wbbJ14	wzxB14	1086	Howell2013_CDS_FASTA_KC795279-KC795550_plus_KC853023;docs/capsule_locus_architecture.md
14	IA-84-22113	KC795519.1	wzxB14		7	REFERENCE_FASTA_ORDER_PLUS_ASSUMED	gstA14	funAB14	1209	Howell2013_CDS_FASTA_KC795279-KC795550_plus_KC853023;docs/capsule_locus_architecture.md
14	IA-84-22113	KC795520.1	funAB14		8	REFERENCE_FASTA_ORDER_PLUS_ASSUMED	wzxB14	funAC14	1200	Howell2013_CDS_FASTA_KC795279-KC795550_plus_KC853023;docs/capsule_locus_architecture.md
14	IA-84-22113	KC795521.1	funAC14		9	REFERENCE_FASTA_ORDER_PLUS_ASSUMED	funAB14	gltQ14	1146	Howell2013_CDS_FASTA_KC795279-KC795550_plus_KC853023;docs/capsule_locus_architecture.md
14	IA-84-22113	KC795522.1	gltQ14		10	REFERENCE_FASTA_ORDER_PLUS_ASSUMED	funAC14	uaeA14	249	Howell2013_CDS_FASTA_KC795279-KC795550_plus_KC853023;docs/capsule_locus_architecture.md
14	IA-84-22113	KC795523.1	uaeA14		11	REFERENCE_FASTA_ORDER_PLUS_ASSUMED	gltQ14	wblI14	939	Howell2013_CDS_FASTA_KC795279-KC795550_plus_KC853023;docs/capsule_locus_architecture.md
14	IA-84-22113	KC795524.1	wblI14		12	REFERENCE_FASTA_ORDER_PLUS_ASSUMED	uaeA14	wbgX14	1299	Howell2013_CDS_FASTA_KC795279-KC795550_plus_KC853023;docs/capsule_locus_architecture.md
14	IA-84-22113	KC795525.1	wbgX14		13	REFERENCE_FASTA_ORDER_PLUS_ASSUMED	wblI14	wbgY14	1158	Howell2013_CDS_FASTA_KC795279-KC795550_plus_KC853023;docs/capsule_locus_architecture.md
14	IA-84-22113	KC795526.1	wbgY14		14	REFERENCE_FASTA_ORDER_PLUS_ASSUMED	wbgX14	capD14	594	Howell2013_CDS_FASTA_KC795279-KC795550_plus_KC853023;docs/capsule_locus_architecture.md
14	IA-84-22113	KC795527.1	capD14		15	REFERENCE_FASTA_ORDER_PLUS_ASSUMED	wbgY14	wza14	1941	Howell2013_CDS_FASTA_KC795279-KC795550_plus_KC853023;docs/capsule_locus_architecture.md
14	IA-84-22113	KC795528.1	wza14		16	REFERENCE_FASTA_ORDER_PLUS_ASSUMED	capD14	wzb14	1155	Howell2013_CDS_FASTA_KC795279-KC795550_plus_KC853023;docs/capsule_locus_architecture.md
14	IA-84-22113	KC795530.1	wzb14		17	REFERENCE_FASTA_ORDER_PLUS_ASSUMED	wza14	wzs14	444	Howell2013_CDS_FASTA_KC795279-KC795550_plus_KC853023;docs/capsule_locus_architecture.md
14	IA-84-22113	KC795531.1	wzs14		18	REFERENCE_FASTA_ORDER_PLUS_ASSUMED	wzb14	iscR14	2088	Howell2013_CDS_FASTA_KC795279-KC795550_plus_KC853023;docs/capsule_locus_architecture.md
14	IA-84-22113	KC795532.1	iscR14		19	REFERENCE_FASTA_ORDER_PLUS_ASSUMED	wzs14		447	Howell2013_CDS_FASTA_KC795279-KC795550_plus_KC853023;docs/capsule_locus_architecture.md
15	SD-84-15995	KC795533.1	funA15		1	REFERENCE_FASTA_ORDER_PLUS_ASSUMED		neuA15	582	Howell2013_CDS_FASTA_KC795279-KC795550_plus_KC853023;docs/capsule_locus_architecture.md
15	SD-84-15995	KC795535.1	neuA15		2	REFERENCE_FASTA_ORDER_PLUS_ASSUMED	funA15	wzx15	681	Howell2013_CDS_FASTA_KC795279-KC795550_plus_KC853023;docs/capsule_locus_architecture.md
15	SD-84-15995	KC795536.1	wzx15		3	REFERENCE_FASTA_ORDER_PLUS_ASSUMED	neuA15	funI15	1212	Howell2013_CDS_FASTA_KC795279-KC795550_plus_KC853023;docs/capsule_locus_architecture.md
15	SD-84-15995	KC795537.1	funI15		4	REFERENCE_FASTA_ORDER_PLUS_ASSUMED	wzx15	funJ15	885	Howell2013_CDS_FASTA_KC795279-KC795550_plus_KC853023;docs/capsule_locus_architecture.md
15	SD-84-15995	KC795538.1	funJ15		5	REFERENCE_FASTA_ORDER_PLUS_ASSUMED	funI15	gltR15	1047	Howell2013_CDS_FASTA_KC795279-KC795550_plus_KC853023;docs/capsule_locus_architecture.md
15	SD-84-15995	KC795539.1	gltR15		6	REFERENCE_FASTA_ORDER_PLUS_ASSUMED	funJ15	gltE15	864	Howell2013_CDS_FASTA_KC795279-KC795550_plus_KC853023;docs/capsule_locus_architecture.md
15	SD-84-15995	KC795540.1	gltE15		7	REFERENCE_FASTA_ORDER_PLUS_ASSUMED	gltR15	gltM15	963	Howell2013_CDS_FASTA_KC795279-KC795550_plus_KC853023;docs/capsule_locus_architecture.md
15	SD-84-15995	KC795541.1	gltM15		8	REFERENCE_FASTA_ORDER_PLUS_ASSUMED	gltE15	ndeB15	1134	Howell2013_CDS_FASTA_KC795279-KC795550_plus_KC853023;docs/capsule_locus_architecture.md
15	SD-84-15995	KC795542.1	ndeB15		9	REFERENCE_FASTA_ORDER_PLUS_ASSUMED	gltM15	pilT15	858	Howell2013_CDS_FASTA_KC795279-KC795550_plus_KC853023;docs/capsule_locus_architecture.md
15	SD-84-15995	KC795543.1	pilT15		10	REFERENCE_FASTA_ORDER_PLUS_ASSUMED	ndeB15	cap5M15	393	Howell2013_CDS_FASTA_KC795279-KC795550_plus_KC853023;docs/capsule_locus_architecture.md
15	SD-84-15995	KC795544.1	cap5M15		11	REFERENCE_FASTA_ORDER_PLUS_ASSUMED	pilT15	capD15	549	Howell2013_CDS_FASTA_KC795279-KC795550_plus_KC853023;docs/capsule_locus_architecture.md
15	SD-84-15995	KC795545.1	capD15		12	REFERENCE_FASTA_ORDER_PLUS_ASSUMED	cap5M15	wza15	1941	Howell2013_CDS_FASTA_KC795279-KC795550_plus_KC853023;docs/capsule_locus_architecture.md
15	SD-84-15995	KC795546.1	wza15		13	REFERENCE_FASTA_ORDER_PLUS_ASSUMED	capD15	wzb15	1155	Howell2013_CDS_FASTA_KC795279-KC795550_plus_KC853023;docs/capsule_locus_architecture.md
15	SD-84-15995	KC795548.1	wzb15		14	REFERENCE_FASTA_ORDER_PLUS_ASSUMED	wza15	iscR15	444	Howell2013_CDS_FASTA_KC795279-KC795550_plus_KC853023;docs/capsule_locus_architecture.md
15	SD-84-15995	KC795549.1	iscR15		15	REFERENCE_FASTA_ORDER_PLUS_ASSUMED	wzb15	wzs15	447	Howell2013_CDS_FASTA_KC795279-KC795550_plus_KC853023;docs/capsule_locus_architecture.md
15	SD-84-15995	KC795550.1	wzs15		16	REFERENCE_FASTA_ORDER_PLUS_ASSUMED	iscR15		2088	Howell2013_CDS_FASTA_KC795279-KC795550_plus_KC853023;docs/capsule_locus_architecture.md
