component_id	serovar	reference_strain	gene_name	aliases	accession	gene_order	orientation	sequence_length	upstream_neighbor	downstream_neighbor	functional_category	source_publication	doi	local_fasta	sequence_sha256	notes
S01_KC795279.1	1	N4	funA9		KC795279.1	1	REFERENCE_FASTA_ORDER_PLUS_ASSUMED	582		funB1	function_unknown	Howell et al. 2013 J Bacteriol	10.1128/JB.00471-13	data/reference_sequences/howell2013_cds/all_cds/KC795279_1.fasta	44111c647170a08dfda5b864c2307b44a0397344d3c49ed4dd55c53ec7493b16	DOWNLOADED
S01_KC795280.1	1	N4	funB1		KC795280.1	2	REFERENCE_FASTA_ORDER_PLUS_ASSUMED	1245	funA9	hydA1	function_unknown	Howell et al. 2013 J Bacteriol	10.1128/JB.00471-13	data/reference_sequences/howell2013_cds/all_cds/KC795280_1.fasta	85c0adf1c0491023303ee3c122f33fcb756671fc9b23b2dee84eb511faef8297	DOWNLOADED
S01_KC795281.1	1	N4	hydA1		KC795281.1	3	REFERENCE_FASTA_ORDER_PLUS_ASSUMED	1491	funB1	funB1	other_not_classified	Howell et al. 2013 J Bacteriol	10.1128/JB.00471-13	data/reference_sequences/howell2013_cds/all_cds/KC795281_1.fasta	225a2280aa539d4b704e0661a3b77c369937a10f9304d91b64a5a9c947b8582a	DOWNLOADED
S01_KC795282.1	1	N4	funB1		KC795282.1	4	REFERENCE_FASTA_ORDER_PLUS_ASSUMED	270	hydA1	gptA1	function_unknown	Howell et al. 2013 J Bacteriol	10.1128/JB.00471-13	data/reference_sequences/howell2013_cds/all_cds/KC795282_1.fasta	2d9c5e330390ada0970dffc5156ba311c438f857c343a27325d779314589ef61	DOWNLOADED
S01_KC795283.1	1	N4	gptA1		KC795283.1	5	REFERENCE_FASTA_ORDER_PLUS_ASSUMED	1230	funB1	wbuS1	glycosyltransferase	Howell et al. 2013 J Bacteriol	10.1128/JB.00471-13	data/reference_sequences/howell2013_cds/all_cds/KC795283_1.fasta	af8334476fb68fd65dfe115fd2fcc7cf2cab8bd7d4fdac784d1e8d1bd09f5bf8	DOWNLOADED
S01_KC795284.1	1	N4	wbuS1		KC795284.1	6	REFERENCE_FASTA_ORDER_PLUS_ASSUMED	981	gptA1	wzy1	glycosyltransferase	Howell et al. 2013 J Bacteriol	10.1128/JB.00471-13	data/reference_sequences/howell2013_cds/all_cds/KC795284_1.fasta	6492bc84a5e18471b7124b24f7c5a62e150136ce16a844d2ee8a601e9c37acab	DOWNLOADED
S01_KC795285.1	1	N4	wzy1		KC795285.1	7	REFERENCE_FASTA_ORDER_PLUS_ASSUMED	1176	wbuS1	cap5E1	polysaccharide_biosynthesis_protein	Howell et al. 2013 J Bacteriol	10.1128/JB.00471-13	data/reference_sequences/howell2013_cds/all_cds/KC795285_1.fasta	12390b05de433bfcc614e2b9ba460a036cac4079b90a58f57770a2f7877fc9c5	DOWNLOADED
S01_KC795286.1	1	N4	cap5E1		KC795286.1	8	REFERENCE_FASTA_ORDER_PLUS_ASSUMED	1032	wzy1	ndeA1	other_not_classified	Howell et al. 2013 J Bacteriol	10.1128/JB.00471-13	data/reference_sequences/howell2013_cds/all_cds/KC795286_1.fasta	50aea85946eb1052e9ce92dce265677a0995b6c0cadf10d7aa379c993d309baa	DOWNLOADED
S01_KC795287.1	1	N4	ndeA1		KC795287.1	9	REFERENCE_FASTA_ORDER_PLUS_ASSUMED	1113	cap5E1	naeA1	other_not_classified	Howell et al. 2013 J Bacteriol	10.1128/JB.00471-13	data/reference_sequences/howell2013_cds/all_cds/KC795287_1.fasta	cc41df41c3d6601fe3a4689ed51cfc3e17ea1a7486f66effc72a78afdeed049a	DOWNLOADED
S01_KC795288.1	1	N4	naeA1		KC795288.1	10	REFERENCE_FASTA_ORDER_PLUS_ASSUMED	1130	ndeA1	gltA1	other_not_classified	Howell et al. 2013 J Bacteriol	10.1128/JB.00471-13	data/reference_sequences/howell2013_cds/all_cds/KC795288_1.fasta	4c04b5e8d1fc31b04da5b3ff4c5184173ba6091f079d8ca81333495dde7a4511	DOWNLOADED
S01_KC795289.1	1	N4	gltA1		KC795289.1	11	REFERENCE_FASTA_ORDER_PLUS_ASSUMED	1218	naeA1	ndeB1	glycosyltransferase	Howell et al. 2013 J Bacteriol	10.1128/JB.00471-13	data/reference_sequences/howell2013_cds/all_cds/KC795289_1.fasta	9ddae7a9cea47d481da7210f3d72f8d30eba7e3bc27485584d6e7a0f9948d126	DOWNLOADED
S01_KC795290.1	1	N4	ndeB1		KC795290.1	12	REFERENCE_FASTA_ORDER_PLUS_ASSUMED	855	gltA1	cap5M1	other_not_classified	Howell et al. 2013 J Bacteriol	10.1128/JB.00471-13	data/reference_sequences/howell2013_cds/all_cds/KC795290_1.fasta	71e9bba751a2b2b356a6fa93eba47e61d1f9a2f5d2ca03b0e79393eda1170888	DOWNLOADED
S01_KC795291.1	1	N4	cap5M1		KC795291.1	13	REFERENCE_FASTA_ORDER_PLUS_ASSUMED	549	ndeB1	capD1	other_not_classified	Howell et al. 2013 J Bacteriol	10.1128/JB.00471-13	data/reference_sequences/howell2013_cds/all_cds/KC795291_1.fasta	542a800e48ff769df95e7c275495c549ffb6b6082308333b238d0ebe4a6f08c6	DOWNLOADED
S01_KC795292.1	1	N4	capD1		KC795292.1	14	REFERENCE_FASTA_ORDER_PLUS_ASSUMED	1941	cap5M1	wza1	other_not_classified	Howell et al. 2013 J Bacteriol	10.1128/JB.00471-13	data/reference_sequences/howell2013_cds/all_cds/KC795292_1.fasta	0fa09321701348da4ceb3fdba08f8e080de6785a529076fb4e0781117f6c23d9	DOWNLOADED
S01_KC795293.1	1	N4	wza1		KC795293.1	15	REFERENCE_FASTA_ORDER_PLUS_ASSUMED	1162	capD1	wzb1	polysaccharide_export	Howell et al. 2013 J Bacteriol	10.1128/JB.00471-13	data/reference_sequences/howell2013_cds/all_cds/KC795293_1.fasta	1654305f5a952cc71af02bd66c190e842085458c0e34feffaa0959b50684dd01	DOWNLOADED
S01_KC795295.1	1	N4	wzb1		KC795295.1	16	REFERENCE_FASTA_ORDER_PLUS_ASSUMED	445	wza1	wzs1	polysaccharide_export	Howell et al. 2013 J Bacteriol	10.1128/JB.00471-13	data/reference_sequences/howell2013_cds/all_cds/KC795295_1.fasta	6e1511f3b825b43925ef9e89614ce93cc5e32d1f1e4fd26beae86d071c5beee4	DOWNLOADED
S01_KC795296.1	1	N4	wzs1		KC795296.1	17	REFERENCE_FASTA_ORDER_PLUS_ASSUMED	2088	wzb1	iscR1	polysaccharide_export	Howell et al. 2013 J Bacteriol	10.1128/JB.00471-13	data/reference_sequences/howell2013_cds/all_cds/KC795296_1.fasta	db1b6c74098fc7b2f9c317348baf297b60ece5d7da1a6e82c59168880e3e54af	DOWNLOADED
S01_KC795297.1	1	N4	iscR1		KC795297.1	18	REFERENCE_FASTA_ORDER_PLUS_ASSUMED	447	wzs1		transcriptional_regulator	Howell et al. 2013 J Bacteriol	10.1128/JB.00471-13	data/reference_sequences/howell2013_cds/all_cds/KC795297_1.fasta	4cb911575ffc6cc9f28b867cea13cbd3670623f0cde5be82020979838145f464	DOWNLOADED
S02_KC795298.1	2	SW140	funA2		KC795298.1	1	REFERENCE_FASTA_ORDER_PLUS_ASSUMED	582		wzx2	function_unknown	Howell et al. 2013 J Bacteriol	10.1128/JB.00471-13	data/reference_sequences/howell2013_cds/all_cds/KC795298_1.fasta	b0c22e6d5655e03782412b65b92d3d832fded2102f5f8d73a1d779d3e624faa3	DOWNLOADED
S02_KC795299.1	2	SW140	wzx2		KC795299.1	2	REFERENCE_FASTA_ORDER_PLUS_ASSUMED	1200	funA2	funE2	polysaccharide_biosynthesis_protein	Howell et al. 2013 J Bacteriol	10.1128/JB.00471-13	data/reference_sequences/howell2013_cds/all_cds/KC795299_1.fasta	d37d8d8150698d5ac0531361c3c41d2b087dbf84c6452ab738a9c80040430bdd	DOWNLOADED
S02_KC795300.1	2	SW140	funE2		KC795300.1	3	REFERENCE_FASTA_ORDER_PLUS_ASSUMED	1032	wzx2	hydA2	function_unknown	Howell et al. 2013 J Bacteriol	10.1128/JB.00471-13	data/reference_sequences/howell2013_cds/all_cds/KC795300_1.fasta	5ef910bd4e741dcf373bc8a2dc9fdaa3dfcc320f022c88ab9b74dc2f4b1fc58a	DOWNLOADED
S02_KC795301.1	2	SW140	hydA2		KC795301.1	4	REFERENCE_FASTA_ORDER_PLUS_ASSUMED	1539	funE2	funC2	other_not_classified	Howell et al. 2013 J Bacteriol	10.1128/JB.00471-13	data/reference_sequences/howell2013_cds/all_cds/KC795301_1.fasta	22fd06b639de520b9399351dded1859214a06d7235e7b3bb63f8fcc651b80de9	DOWNLOADED
S02_KC795302.1	2	SW140	funC2		KC795302.1	5	REFERENCE_FASTA_ORDER_PLUS_ASSUMED	270	hydA2	gptA2	function_unknown	Howell et al. 2013 J Bacteriol	10.1128/JB.00471-13	data/reference_sequences/howell2013_cds/all_cds/KC795302_1.fasta	15eb76a29bd18f73192c233dedc318d12362a14521b2a4a3941951ee91394059	DOWNLOADED
S02_KC795303.1	2	SW140	gptA2		KC795303.1	6	REFERENCE_FASTA_ORDER_PLUS_ASSUMED	1230	funC2	wbuS2	glycosyltransferase	Howell et al. 2013 J Bacteriol	10.1128/JB.00471-13	data/reference_sequences/howell2013_cds/all_cds/KC795303_1.fasta	af8334476fb68fd65dfe115fd2fcc7cf2cab8bd7d4fdac784d1e8d1bd09f5bf8	DOWNLOADED
S02_KC795304.1	2	SW140	wbuS2		KC795304.1	7	REFERENCE_FASTA_ORDER_PLUS_ASSUMED	981	gptA2	wzy2	glycosyltransferase	Howell et al. 2013 J Bacteriol	10.1128/JB.00471-13	data/reference_sequences/howell2013_cds/all_cds/KC795304_1.fasta	6492bc84a5e18471b7124b24f7c5a62e150136ce16a844d2ee8a601e9c37acab	DOWNLOADED
S02_KC795305.1	2	SW140	wzy2		KC795305.1	8	REFERENCE_FASTA_ORDER_PLUS_ASSUMED	876	wbuS2	cap5E2	polysaccharide_biosynthesis_protein	Howell et al. 2013 J Bacteriol	10.1128/JB.00471-13	data/reference_sequences/howell2013_cds/all_cds/KC795305_1.fasta	c3ea4ae9af4fb575c2a814e05b51948b13d58485ac82e0a2b909fa73b2412ab1	DOWNLOADED
S02_KC795306.1	2	SW140	cap5E2		KC795306.1	9	REFERENCE_FASTA_ORDER_PLUS_ASSUMED	1032	wzy2	ndeA2	other_not_classified	Howell et al. 2013 J Bacteriol	10.1128/JB.00471-13	data/reference_sequences/howell2013_cds/all_cds/KC795306_1.fasta	53abe70c2563c869479c2e3f239736ef23034f464a589aadb3a34cd8e07f48d2	DOWNLOADED
S02_KC795307.1	2	SW140	ndeA2		KC795307.1	10	REFERENCE_FASTA_ORDER_PLUS_ASSUMED	1113	cap5E2	naeA2	other_not_classified	Howell et al. 2013 J Bacteriol	10.1128/JB.00471-13	data/reference_sequences/howell2013_cds/all_cds/KC795307_1.fasta	7994cc208742439ae93dc60b399105f1d2465a13637cc7fbbe82e5761d814ef7	DOWNLOADED
S02_KC795308.1	2	SW140	naeA2		KC795308.1	11	REFERENCE_FASTA_ORDER_PLUS_ASSUMED	1131	ndeA2	gltA2	other_not_classified	Howell et al. 2013 J Bacteriol	10.1128/JB.00471-13	data/reference_sequences/howell2013_cds/all_cds/KC795308_1.fasta	3f6cd30355789bacf518713e0aa369ec69bf97736e37333025706a38d7710e39	DOWNLOADED
S02_KC795309.1	2	SW140	gltA2		KC795309.1	12	REFERENCE_FASTA_ORDER_PLUS_ASSUMED	1218	naeA2	ndeB2	glycosyltransferase	Howell et al. 2013 J Bacteriol	10.1128/JB.00471-13	data/reference_sequences/howell2013_cds/all_cds/KC795309_1.fasta	9ddae7a9cea47d481da7210f3d72f8d30eba7e3bc27485584d6e7a0f9948d126	DOWNLOADED
S02_KC795310.1	2	SW140	ndeB2		KC795310.1	13	REFERENCE_FASTA_ORDER_PLUS_ASSUMED	855	gltA2	pilT2	other_not_classified	Howell et al. 2013 J Bacteriol	10.1128/JB.00471-13	data/reference_sequences/howell2013_cds/all_cds/KC795310_1.fasta	71e9bba751a2b2b356a6fa93eba47e61d1f9a2f5d2ca03b0e79393eda1170888	DOWNLOADED
S02_KC795311.1	2	SW140	pilT2		KC795311.1	14	REFERENCE_FASTA_ORDER_PLUS_ASSUMED	393	ndeB2	cap5M2	other_not_classified	Howell et al. 2013 J Bacteriol	10.1128/JB.00471-13	data/reference_sequences/howell2013_cds/all_cds/KC795311_1.fasta	87690d63bb24976013df7278452a03dc0cbc55c9773f220c164faa6909c47aac	DOWNLOADED
S02_KC795312.1	2	SW140	cap5M2		KC795312.1	15	REFERENCE_FASTA_ORDER_PLUS_ASSUMED	549	pilT2	capD2	other_not_classified	Howell et al. 2013 J Bacteriol	10.1128/JB.00471-13	data/reference_sequences/howell2013_cds/all_cds/KC795312_1.fasta	542a800e48ff769df95e7c275495c549ffb6b6082308333b238d0ebe4a6f08c6	DOWNLOADED
S02_KC795313.1	2	SW140	capD2		KC795313.1	16	REFERENCE_FASTA_ORDER_PLUS_ASSUMED	1941	cap5M2	wza2	other_not_classified	Howell et al. 2013 J Bacteriol	10.1128/JB.00471-13	data/reference_sequences/howell2013_cds/all_cds/KC795313_1.fasta	0fa09321701348da4ceb3fdba08f8e080de6785a529076fb4e0781117f6c23d9	DOWNLOADED
S02_KC795314.1	2	SW140	wza2		KC795314.1	17	REFERENCE_FASTA_ORDER_PLUS_ASSUMED	1155	capD2	wzb2	polysaccharide_export	Howell et al. 2013 J Bacteriol	10.1128/JB.00471-13	data/reference_sequences/howell2013_cds/all_cds/KC795314_1.fasta	206a231dba331a0fd24ee31c6deb161a3cfcb3bd87e631e7ad544d10856504a3	DOWNLOADED
S02_KC795316.1	2	SW140	wzb2		KC795316.1	18	REFERENCE_FASTA_ORDER_PLUS_ASSUMED	444	wza2	wzs2	polysaccharide_export	Howell et al. 2013 J Bacteriol	10.1128/JB.00471-13	data/reference_sequences/howell2013_cds/all_cds/KC795316_1.fasta	ecd5b8871dd77d6b194df0c6dd8b8f6ebf7a75a4ec07312fef0276ee23e832f7	DOWNLOADED
S02_KC795317.1	2	SW140	wzs2		KC795317.1	19	REFERENCE_FASTA_ORDER_PLUS_ASSUMED	2088	wzb2	iscR2	polysaccharide_export	Howell et al. 2013 J Bacteriol	10.1128/JB.00471-13	data/reference_sequences/howell2013_cds/all_cds/KC795317_1.fasta	892556d5a80ef049bbd75edcc6ca3012540ef9b0c6de3bc15a6bf54678dc87dc	DOWNLOADED
S02_KC795318.1	2	SW140	iscR2		KC795318.1	20	REFERENCE_FASTA_ORDER_PLUS_ASSUMED	447	wzs2		transcriptional_regulator	Howell et al. 2013 J Bacteriol	10.1128/JB.00471-13	data/reference_sequences/howell2013_cds/all_cds/KC795318_1.fasta	221bb21de4b5b7ab5b96c109bbca659ccc0e1f31d78b21148546e2d520f75ce5	DOWNLOADED
S03_KC795319.1	3	SW114	funA3		KC795319.1	1	REFERENCE_FASTA_ORDER_PLUS_ASSUMED	582		dgdA3	function_unknown	Howell et al. 2013 J Bacteriol	10.1128/JB.00471-13	data/reference_sequences/howell2013_cds/all_cds/KC795319_1.fasta	3e99a5b514eb01c4a2ac54207befa8c6fc473a4cf69b9a95ad52482b66b92615	DOWNLOADED
S03_KC795320.1	3	SW114	dgdA3		KC795320.1	2	REFERENCE_FASTA_ORDER_PLUS_ASSUMED	1068	funA3	pbpA3	other_not_classified	Howell et al. 2013 J Bacteriol	10.1128/JB.00471-13	data/reference_sequences/howell2013_cds/all_cds/KC795320_1.fasta	12b7abaa5eb983d2494691d4128f5249d24c8fd68ca142f4b20421b3cdfc15d2	DOWNLOADED
S03_KC795321.1	3	SW114	pbpA3		KC795321.1	3	REFERENCE_FASTA_ORDER_PLUS_ASSUMED	1263	dgdA3	ppoA3	other_not_classified	Howell et al. 2013 J Bacteriol	10.1128/JB.00471-13	data/reference_sequences/howell2013_cds/all_cds/KC795321_1.fasta	c44ff07ae5d9ae12da7ac79a5797b03fa340626cc05b20e7b048d9811ad40274	DOWNLOADED
S03_KC795322.1	3	SW114	ppoA3		KC795322.1	4	REFERENCE_FASTA_ORDER_PLUS_ASSUMED	1245	pbpA3	gltB3	other_not_classified	Howell et al. 2013 J Bacteriol	10.1128/JB.00471-13	data/reference_sequences/howell2013_cds/all_cds/KC795322_1.fasta	a73121bcb8fad027103b78ad9f028594a22c96c64355c86a65f7d5175754576f	DOWNLOADED
S03_KC795323.1	3	SW114	gltB3		KC795323.1	5	REFERENCE_FASTA_ORDER_PLUS_ASSUMED	1062	ppoA3	naeB3	glycosyltransferase	Howell et al. 2013 J Bacteriol	10.1128/JB.00471-13	data/reference_sequences/howell2013_cds/all_cds/KC795323_1.fasta	de72a59d2915b74306bf849f3e4418e6919f7e8353a11a1d15899861748a1b82	DOWNLOADED
S03_KC795324.1	3	SW114	naeB3		KC795324.1	6	REFERENCE_FASTA_ORDER_PLUS_ASSUMED	1125	gltB3	funG3	other_not_classified	Howell et al. 2013 J Bacteriol	10.1128/JB.00471-13	data/reference_sequences/howell2013_cds/all_cds/KC795324_1.fasta	073988333c6353e9c4d31b20d7bd32f2ef8567b9f7946efe1c0307e7de1c4b3b	DOWNLOADED
S03_KC795325.1	3	SW114	funG3		KC795325.1	7	REFERENCE_FASTA_ORDER_PLUS_ASSUMED	993	naeB3	funH3	function_unknown	Howell et al. 2013 J Bacteriol	10.1128/JB.00471-13	data/reference_sequences/howell2013_cds/all_cds/KC795325_1.fasta	71a06a160a01cd3536701db10f348b1ddcb47b15b3f5537d47be013f89507889	DOWNLOADED
S03_KC795326.1	3	SW114	funH3		KC795326.1	8	REFERENCE_FASTA_ORDER_PLUS_ASSUMED	1032	funG3	gltC3	function_unknown	Howell et al. 2013 J Bacteriol	10.1128/JB.00471-13	data/reference_sequences/howell2013_cds/all_cds/KC795326_1.fasta	d8870249dd84c6a168acbc5668f0c3bdd8b8c6fccbded3dfcc7e45284ceb460e	DOWNLOADED
S03_KC795327.1	3	SW114	gltC3		KC795327.1	9	REFERENCE_FASTA_ORDER_PLUS_ASSUMED	1050	funH3	gltD3	glycosyltransferase	Howell et al. 2013 J Bacteriol	10.1128/JB.00471-13	data/reference_sequences/howell2013_cds/all_cds/KC795327_1.fasta	4d22fa214a86dcd252212e089d5f80e003162b36a3124bf6c5673c2b7e894f9c	DOWNLOADED
S03_KC795328.1	3	SW114	gltD3		KC795328.1	10	REFERENCE_FASTA_ORDER_PLUS_ASSUMED	804	gltC3	lstA3	glycosyltransferase	Howell et al. 2013 J Bacteriol	10.1128/JB.00471-13	data/reference_sequences/howell2013_cds/all_cds/KC795328_1.fasta	ed548d80744ebf152017dfb794e39e33ab2ae3fa2f7fe296ffa0d585873d29e8	DOWNLOADED
S03_KC795329.1	3	SW114	lstA3		KC795329.1	11	REFERENCE_FASTA_ORDER_PLUS_ASSUMED	1269	gltD3	traA3	other_biosynthesis_or_modification	Howell et al. 2013 J Bacteriol	10.1128/JB.00471-13	data/reference_sequences/howell2013_cds/all_cds/KC795329_1.fasta	9993294a0cd80034a5b2985c22594214b9fd3df271f3761747b1abba7911514d	DOWNLOADED
S03_KC795330.1	3	SW114	traA3		KC795330.1	12	REFERENCE_FASTA_ORDER_PLUS_ASSUMED	654	lstA3	wza3	other_not_classified	Howell et al. 2013 J Bacteriol	10.1128/JB.00471-13	data/reference_sequences/howell2013_cds/all_cds/KC795330_1.fasta	8545985009663dd56deb2f80b0777e11848a32dd97beae4dd7651bf9e522f515	DOWNLOADED
S03_KC795331.1	3	SW114	wza3		KC795331.1	13	REFERENCE_FASTA_ORDER_PLUS_ASSUMED	1155	traA3	wzb3	polysaccharide_export	Howell et al. 2013 J Bacteriol	10.1128/JB.00471-13	data/reference_sequences/howell2013_cds/all_cds/KC795331_1.fasta	2afcbc6e89049ce1f1d640914d4495cb44c4e80bc8f6a425077dcf0a26c50935	DOWNLOADED
S03_KC795333.1	3	SW114	wzb3		KC795333.1	14	REFERENCE_FASTA_ORDER_PLUS_ASSUMED	444	wza3	wzs3	polysaccharide_export	Howell et al. 2013 J Bacteriol	10.1128/JB.00471-13	data/reference_sequences/howell2013_cds/all_cds/KC795333_1.fasta	ecd5b8871dd77d6b194df0c6dd8b8f6ebf7a75a4ec07312fef0276ee23e832f7	DOWNLOADED
S03_KC795334.1	3	SW114	wzs3		KC795334.1	15	REFERENCE_FASTA_ORDER_PLUS_ASSUMED	2088	wzb3	iscR3	polysaccharide_export	Howell et al. 2013 J Bacteriol	10.1128/JB.00471-13	data/reference_sequences/howell2013_cds/all_cds/KC795334_1.fasta	fe3ba41415908b72bd43c3287d6594e517ad73c0e1bce13fed2e951125f72b74	DOWNLOADED
S03_KC795335.1	3	SW114	iscR3		KC795335.1	16	REFERENCE_FASTA_ORDER_PLUS_ASSUMED	447	wzs3		transcriptional_regulator	Howell et al. 2013 J Bacteriol	10.1128/JB.00471-13	data/reference_sequences/howell2013_cds/all_cds/KC795335_1.fasta	73488d6c4550b3b1cebf43d596c3eb48ad0ef2af67b58675e69ebf5c2637c69e	DOWNLOADED
S04_KC795351.1	4	SW124	funA4		KC795351.1	1	REFERENCE_FASTA_ORDER_PLUS_ASSUMED	582		neuA4	function_unknown	Howell et al. 2013 J Bacteriol	10.1128/JB.00471-13	data/reference_sequences/howell2013_cds/all_cds/KC795351_1.fasta	124c258be5da3363b204cde99ff0b77c883b40363f5559bb611991d3078dd24e	DOWNLOADED
S04_KC795352.1	4	SW124	neuA4		KC795352.1	2	REFERENCE_FASTA_ORDER_PLUS_ASSUMED	713	funA4	wzx4	other_biosynthesis_or_modification	Howell et al. 2013 J Bacteriol	10.1128/JB.00471-13	data/reference_sequences/howell2013_cds/all_cds/KC795352_1.fasta	9bd827a5aae9b4edadeb300dab5ce28f2c1e03d1b17b18bff465dcdbc0edb451	DOWNLOADED
S04_KC795353.1	4	SW124	wzx4		KC795353.1	3	REFERENCE_FASTA_ORDER_PLUS_ASSUMED	2136	neuA4	mepA4	polysaccharide_biosynthesis_protein	Howell et al. 2013 J Bacteriol	10.1128/JB.00471-13	data/reference_sequences/howell2013_cds/all_cds/KC795353_1.fasta	e86e8739c47e698876ab852da40d1886a79ff61f6c5db28cd2f80f6f19e8e81e	DOWNLOADED
S04_KC795354.1	4	SW124	mepA4		KC795354.1	4	REFERENCE_FASTA_ORDER_PLUS_ASSUMED	1095	wzx4	gltF4	other_biosynthesis_or_modification	Howell et al. 2013 J Bacteriol	10.1128/JB.00471-13	data/reference_sequences/howell2013_cds/all_cds/KC795354_1.fasta	5eaf04c3c5e6ef36ea09f78ddcb00d1d1fbf8dcaf0f93fd57d255a31013a4cee	DOWNLOADED
S04_KC795355.1	4	SW124	gltF4		KC795355.1	5	REFERENCE_FASTA_ORDER_PLUS_ASSUMED	907	mepA4	wciP4	glycosyltransferase	Howell et al. 2013 J Bacteriol	10.1128/JB.00471-13	data/reference_sequences/howell2013_cds/all_cds/KC795355_1.fasta	e40c2f70177fd2c10ec12786a90edb723f2fc2ac018e339ffc22ebbf600a61e8	DOWNLOADED
S04_KC795356.1	4	SW124	wciP4		KC795356.1	6	REFERENCE_FASTA_ORDER_PLUS_ASSUMED	687	gltF4	gltG4	other_not_classified	Howell et al. 2013 J Bacteriol	10.1128/JB.00471-13	data/reference_sequences/howell2013_cds/all_cds/KC795356_1.fasta	1104191ac9fbd5c8e8cd3ba7ff6e59e6e46aa338435e06bc838d55dbf8668f35	DOWNLOADED
S04_KC795357.1	4	SW124	gltG4		KC795357.1	7	REFERENCE_FASTA_ORDER_PLUS_ASSUMED	753	wciP4	lstB4	glycosyltransferase	Howell et al. 2013 J Bacteriol	10.1128/JB.00471-13	data/reference_sequences/howell2013_cds/all_cds/KC795357_1.fasta	e5b61f55c4970ad1fc38f980999429b39f5ac53c579636698b6923fbe6e43406	DOWNLOADED
S04_KC795358.1	4	SW124	lstB4		KC795358.1	8	REFERENCE_FASTA_ORDER_PLUS_ASSUMED	261	gltG4	lstA4	other_biosynthesis_or_modification	Howell et al. 2013 J Bacteriol	10.1128/JB.00471-13	data/reference_sequences/howell2013_cds/all_cds/KC795358_1.fasta	caedcb3b70b352f569a2a20d23faa399e62ad9ce216e800876e7433622e20df4	DOWNLOADED
S04_KC795359.1	4	SW124	lstA4		KC795359.1	9	REFERENCE_FASTA_ORDER_PLUS_ASSUMED	927	lstB4	wza4	other_biosynthesis_or_modification	Howell et al. 2013 J Bacteriol	10.1128/JB.00471-13	data/reference_sequences/howell2013_cds/all_cds/KC795359_1.fasta	e38b6251c181224ba8f890764662d1708c2d72c9df4213d6692e26356e05a9fb	DOWNLOADED
S04_KC795360.1	4	SW124	wza4		KC795360.1	10	REFERENCE_FASTA_ORDER_PLUS_ASSUMED	1158	lstA4	wzb4	polysaccharide_export	Howell et al. 2013 J Bacteriol	10.1128/JB.00471-13	data/reference_sequences/howell2013_cds/all_cds/KC795360_1.fasta	92c8b937186855d45d992019f710c11f326e4ba096aa5cb79ccd6bceacc7e117	DOWNLOADED
S04_KC795362.1	4	SW124	wzb4		KC795362.1	11	REFERENCE_FASTA_ORDER_PLUS_ASSUMED	444	wza4	wzs4	polysaccharide_export	Howell et al. 2013 J Bacteriol	10.1128/JB.00471-13	data/reference_sequences/howell2013_cds/all_cds/KC795362_1.fasta	ecd5b8871dd77d6b194df0c6dd8b8f6ebf7a75a4ec07312fef0276ee23e832f7	DOWNLOADED
S04_KC795363.1	4	SW124	wzs4		KC795363.1	12	REFERENCE_FASTA_ORDER_PLUS_ASSUMED	2088	wzb4	iscR4	polysaccharide_export	Howell et al. 2013 J Bacteriol	10.1128/JB.00471-13	data/reference_sequences/howell2013_cds/all_cds/KC795363_1.fasta	35f68d685f2431cf74d26e2a06590f18a45d798da7d3f6ba3f38c2600bf87844	DOWNLOADED
S04_KC795364.1	4	SW124	iscR4		KC795364.1	13	REFERENCE_FASTA_ORDER_PLUS_ASSUMED	447	wzs4		transcriptional_regulator	Howell et al. 2013 J Bacteriol	10.1128/JB.00471-13	data/reference_sequences/howell2013_cds/all_cds/KC795364_1.fasta	235a7558e94b3ca4bed1f0f8ba2607a16ce7714a3963d0e605b8b06df11b8862	DOWNLOADED
S05_KC795336.1	5	Nagasaki	funA5		KC795336.1	1	REFERENCE_FASTA_ORDER_PLUS_ASSUMED	471		neuA5	function_unknown	Howell et al. 2013 J Bacteriol	10.1128/JB.00471-13	data/reference_sequences/howell2013_cds/all_cds/KC795336_1.fasta	0b636fbf295c678fddb303587b564a6914ee10c908aecb37762d6a64ec984e47	DOWNLOADED
S05_KC795337.1	5	Nagasaki	neuA5		KC795337.1	2	REFERENCE_FASTA_ORDER_PLUS_ASSUMED	681	funA5	wzx5	other_biosynthesis_or_modification	Howell et al. 2013 J Bacteriol	10.1128/JB.00471-13	data/reference_sequences/howell2013_cds/all_cds/KC795337_1.fasta	802f8a8f2fb43aadf831beaf8ba6091562d3de1061e3d6f9bf0ebea64f16e61f	DOWNLOADED
S05_KC795338.1	5	Nagasaki	wzx5		KC795338.1	3	REFERENCE_FASTA_ORDER_PLUS_ASSUMED	1197	neuA5	lsgB5	polysaccharide_biosynthesis_protein	Howell et al. 2013 J Bacteriol	10.1128/JB.00471-13	data/reference_sequences/howell2013_cds/all_cds/KC795338_1.fasta	4cf7c3252aaa5c41d0098996a95441702998ad29b0420b001e241a1120b61d10	DOWNLOADED
S05_KC795339.1	5	Nagasaki	lsgB5		KC795339.1	4	REFERENCE_FASTA_ORDER_PLUS_ASSUMED	969	wzx5	funK5	other_biosynthesis_or_modification	Howell et al. 2013 J Bacteriol	10.1128/JB.00471-13	data/reference_sequences/howell2013_cds/all_cds/KC795339_1.fasta	11183ffac9648456f82da3a79c3d3ce834d38e9a6b37b1305e9639d5a67ed69b	DOWNLOADED
S05_KC795340.1	5	Nagasaki	funK5		KC795340.1	5	REFERENCE_FASTA_ORDER_PLUS_ASSUMED	1008	lsgB5	wcwK5	function_unknown	Howell et al. 2013 J Bacteriol	10.1128/JB.00471-13	data/reference_sequences/howell2013_cds/all_cds/KC795340_1.fasta	e7bc1fc45e9017668b5dc258efd0c6963c7a343c9a0d8a8237f3c491f3e7f9fc	DOWNLOADED
S05_KC795341.1	5	Nagasaki	wcwK5		KC795341.1	6	REFERENCE_FASTA_ORDER_PLUS_ASSUMED	1032	funK5	wcfQ5	glycosyltransferase	Howell et al. 2013 J Bacteriol	10.1128/JB.00471-13	data/reference_sequences/howell2013_cds/all_cds/KC795341_1.fasta	385eb08ddea249f11a242fdd0d643318b89c8baa26f572d161508f2b367d8804	DOWNLOADED
S05_KC795342.1	5	Nagasaki	wcfQ5		KC795342.1	7	REFERENCE_FASTA_ORDER_PLUS_ASSUMED	819	wcwK5	wbgX5	glycosyltransferase	Howell et al. 2013 J Bacteriol	10.1128/JB.00471-13	data/reference_sequences/howell2013_cds/all_cds/KC795342_1.fasta	1d77b8df23bdf9fa544f6982564f22b354b1ad22c5e1938239c79f04c85274cd	DOWNLOADED
S05_KC795343.1	5	Nagasaki	wbgX5		KC795343.1	8	REFERENCE_FASTA_ORDER_PLUS_ASSUMED	1152	wcfQ5	wbgY5	glycosyltransferase	Howell et al. 2013 J Bacteriol	10.1128/JB.00471-13	data/reference_sequences/howell2013_cds/all_cds/KC795343_1.fasta	8cc4881ebe3755d892a37c98c154d34f25147ddb009bb3f0029d904585cdb128	DOWNLOADED
S05_KC795344.1	5	Nagasaki	wbgY5		KC795344.1	9	REFERENCE_FASTA_ORDER_PLUS_ASSUMED	594	wbgX5	capD5	glycosyltransferase	Howell et al. 2013 J Bacteriol	10.1128/JB.00471-13	data/reference_sequences/howell2013_cds/all_cds/KC795344_1.fasta	e72b7e7d82154a94a41d569fdec7501fa17a0448a6cbda8ec776bc9e66353c32	DOWNLOADED
S05_KC795345.1	5	Nagasaki	capD5		KC795345.1	10	REFERENCE_FASTA_ORDER_PLUS_ASSUMED	1941	wbgY5	wza5	other_not_classified	Howell et al. 2013 J Bacteriol	10.1128/JB.00471-13	data/reference_sequences/howell2013_cds/all_cds/KC795345_1.fasta	106dcad3612473486dc30f50f2c6518b80a904c19b954cb1472f90c72b6a3f75	DOWNLOADED
S05_KC795346.1	5	Nagasaki	wza5		KC795346.1	11	REFERENCE_FASTA_ORDER_PLUS_ASSUMED	1155	capD5	wzb5	polysaccharide_export	Howell et al. 2013 J Bacteriol	10.1128/JB.00471-13	data/reference_sequences/howell2013_cds/all_cds/KC795346_1.fasta	d3ee60bd74eba7b1e8d974f3e84f1607ca3c6e2a51de1b3134278b05e8cd58b3	DOWNLOADED
S05_KC795348.1	5	Nagasaki	wzb5		KC795348.1	12	REFERENCE_FASTA_ORDER_PLUS_ASSUMED	444	wza5	wzs5	polysaccharide_export	Howell et al. 2013 J Bacteriol	10.1128/JB.00471-13	data/reference_sequences/howell2013_cds/all_cds/KC795348_1.fasta	ecd5b8871dd77d6b194df0c6dd8b8f6ebf7a75a4ec07312fef0276ee23e832f7	DOWNLOADED
S05_KC795349.1	5	Nagasaki	wzs5		KC795349.1	13	REFERENCE_FASTA_ORDER_PLUS_ASSUMED	2088	wzb5	iscR5	polysaccharide_export	Howell et al. 2013 J Bacteriol	10.1128/JB.00471-13	data/reference_sequences/howell2013_cds/all_cds/KC795349_1.fasta	5a2116cbaaa0955f6b0bff58b7669acd2316f117cc5bb45896138ef57d1e3092	DOWNLOADED
S05_KC795350.1	5	Nagasaki	iscR5		KC795350.1	14	REFERENCE_FASTA_ORDER_PLUS_ASSUMED	447	wzs5		transcriptional_regulator	Howell et al. 2013 J Bacteriol	10.1128/JB.00471-13	data/reference_sequences/howell2013_cds/all_cds/KC795350_1.fasta	3d36b1d5173c114fa93d595f11b5cdd655d7007e7507d5c3f2cfb829a1d6530f	DOWNLOADED
S06_KC795365.1	6	131	funA6		KC795365.1	1	REFERENCE_FASTA_ORDER_PLUS_ASSUMED	582		neuA6	function_unknown	Howell et al. 2013 J Bacteriol	10.1128/JB.00471-13	data/reference_sequences/howell2013_cds/all_cds/KC795365_1.fasta	b1cf46d811267700227903c7a4b139af85c1c83b7745842316df3c225abfb4f4	DOWNLOADED
S06_KC795367.1	6	131	neuA6		KC795367.1	2	REFERENCE_FASTA_ORDER_PLUS_ASSUMED	681	funA6	wzx6	other_biosynthesis_or_modification	Howell et al. 2013 J Bacteriol	10.1128/JB.00471-13	data/reference_sequences/howell2013_cds/all_cds/KC795367_1.fasta	3297cb05c9e8455bb64758e73be8a9c2ca95aae997741695b7886f8d07fde12a	DOWNLOADED
S06_KC795368.1	6	131	wzx6		KC795368.1	3	REFERENCE_FASTA_ORDER_PLUS_ASSUMED	1197	neuA6	lsgB6	polysaccharide_biosynthesis_protein	Howell et al. 2013 J Bacteriol	10.1128/JB.00471-13	data/reference_sequences/howell2013_cds/all_cds/KC795368_1.fasta	ac1f800e129a064d16b4f2595d9dff6fa4d6f4afd2c7a7f7614a71ac2d3c6912	DOWNLOADED
S06_KC795369.1	6	131	lsgB6		KC795369.1	4	REFERENCE_FASTA_ORDER_PLUS_ASSUMED	972	wzx6	gltH6	other_biosynthesis_or_modification	Howell et al. 2013 J Bacteriol	10.1128/JB.00471-13	data/reference_sequences/howell2013_cds/all_cds/KC795369_1.fasta	35ed2d5589b2289ed1f26c5af8e9804dc77aeddb1013eb82a1c9e027b22691ca	DOWNLOADED
S06_KC795370.1	6	131	gltH6		KC795370.1	5	REFERENCE_FASTA_ORDER_PLUS_ASSUMED	825	lsgB6	funL6	glycosyltransferase	Howell et al. 2013 J Bacteriol	10.1128/JB.00471-13	data/reference_sequences/howell2013_cds/all_cds/KC795370_1.fasta	23ddd8d439ed4405a6f6b013f428f6109bcb7910469fc3383d5e27a25e7eb4c6	DOWNLOADED
S06_KC795371.1	6	131	funL6		KC795371.1	6	REFERENCE_FASTA_ORDER_PLUS_ASSUMED	1167	gltH6	gltI6	function_unknown	Howell et al. 2013 J Bacteriol	10.1128/JB.00471-13	data/reference_sequences/howell2013_cds/all_cds/KC795371_1.fasta	18ce15f77ce7391a42544c728c7e5bb75c3af5ecabdfbf9857c2fa578867849a	DOWNLOADED
S06_KC795372.1	6	131	gltI6		KC795372.1	7	REFERENCE_FASTA_ORDER_PLUS_ASSUMED	996	funL6	wcfQ6	glycosyltransferase	Howell et al. 2013 J Bacteriol	10.1128/JB.00471-13	data/reference_sequences/howell2013_cds/all_cds/KC795372_1.fasta	ca2d7b1d7e17576ab16fdf7a1c91213d339997ff58c6b4a7c872e8c3c698a32d	DOWNLOADED
S06_KC795373.1	6	131	wcfQ6		KC795373.1	8	REFERENCE_FASTA_ORDER_PLUS_ASSUMED	816	gltI6	wbgX6	glycosyltransferase	Howell et al. 2013 J Bacteriol	10.1128/JB.00471-13	data/reference_sequences/howell2013_cds/all_cds/KC795373_1.fasta	425bfbc4532afdd11d37168228aca715fa212e56e1d7ab6cd033e8fc7ea55777	DOWNLOADED
S06_KC795374.1	6	131	wbgX6		KC795374.1	9	REFERENCE_FASTA_ORDER_PLUS_ASSUMED	1152	wcfQ6	wbgY6	glycosyltransferase	Howell et al. 2013 J Bacteriol	10.1128/JB.00471-13	data/reference_sequences/howell2013_cds/all_cds/KC795374_1.fasta	558b0818197abfc5ed827270a35170e2932d0def8e1badfcfc66d0d40aac4e90	DOWNLOADED
S06_KC795375.1	6	131	wbgY6		KC795375.1	10	REFERENCE_FASTA_ORDER_PLUS_ASSUMED	594	wbgX6	funM6	glycosyltransferase	Howell et al. 2013 J Bacteriol	10.1128/JB.00471-13	data/reference_sequences/howell2013_cds/all_cds/KC795375_1.fasta	25da52b94d5e1b9048e03ba60a120c2836d8664d4dbdbd5b2579507131ccf686	DOWNLOADED
S06_KC795376.1	6	131	funM6		KC795376.1	11	REFERENCE_FASTA_ORDER_PLUS_ASSUMED	1293	wbgY6	funN6	function_unknown	Howell et al. 2013 J Bacteriol	10.1128/JB.00471-13	data/reference_sequences/howell2013_cds/all_cds/KC795376_1.fasta	f620a0966f2aff2b106fd656d95e65a6ed84bc66eeb461a8b3bba0e30a3f950c	DOWNLOADED
S06_KC795377.1	6	131	funN6		KC795377.1	12	REFERENCE_FASTA_ORDER_PLUS_ASSUMED	522	funM6	capD6	function_unknown	Howell et al. 2013 J Bacteriol	10.1128/JB.00471-13	data/reference_sequences/howell2013_cds/all_cds/KC795377_1.fasta	acec3a9c7a8c6a40a81be6199f4dbc5593fb6a34aa44ae09ea362614cfed6de5	DOWNLOADED
S06_KC795378.1	6	131	capD6		KC795378.1	13	REFERENCE_FASTA_ORDER_PLUS_ASSUMED	1941	funN6	wza6	other_not_classified	Howell et al. 2013 J Bacteriol	10.1128/JB.00471-13	data/reference_sequences/howell2013_cds/all_cds/KC795378_1.fasta	4ba299b39d1329e2f2dfdd6d17d8791cb14cf4ca71f0bcdd35f3aa65fdbb1946	DOWNLOADED
S06_KC795379.1	6	131	wza6		KC795379.1	14	REFERENCE_FASTA_ORDER_PLUS_ASSUMED	1155	capD6	wzb6	polysaccharide_export	Howell et al. 2013 J Bacteriol	10.1128/JB.00471-13	data/reference_sequences/howell2013_cds/all_cds/KC795379_1.fasta	cf9acf2383e8ed5a79c79b1dcd271875a7024e74b6fd0ef0d0937382a0211722	DOWNLOADED
S06_KC795381.1	6	131	wzb6		KC795381.1	15	REFERENCE_FASTA_ORDER_PLUS_ASSUMED	444	wza6	wzs6	polysaccharide_export	Howell et al. 2013 J Bacteriol	10.1128/JB.00471-13	data/reference_sequences/howell2013_cds/all_cds/KC795381_1.fasta	ecd5b8871dd77d6b194df0c6dd8b8f6ebf7a75a4ec07312fef0276ee23e832f7	DOWNLOADED
S06_KC795382.1	6	131	wzs6		KC795382.1	16	REFERENCE_FASTA_ORDER_PLUS_ASSUMED	2088	wzb6	iscR6	polysaccharide_export	Howell et al. 2013 J Bacteriol	10.1128/JB.00471-13	data/reference_sequences/howell2013_cds/all_cds/KC795382_1.fasta	7c7a911db3ac89d270ed26cc3af5e1aef2a32f53307f8bbe288e96eec9aa3ca3	DOWNLOADED
S06_KC795383.1	6	131	iscR6		KC795383.1	17	REFERENCE_FASTA_ORDER_PLUS_ASSUMED	447	wzs6		transcriptional_regulator	Howell et al. 2013 J Bacteriol	10.1128/JB.00471-13	data/reference_sequences/howell2013_cds/all_cds/KC795383_1.fasta	235a7558e94b3ca4bed1f0f8ba2607a16ce7714a3963d0e605b8b06df11b8862	DOWNLOADED
S07_KC795384.1	7	174	funA7		KC795384.1	1	REFERENCE_FASTA_ORDER_PLUS_ASSUMED	582		neuA7	function_unknown	Howell et al. 2013 J Bacteriol	10.1128/JB.00471-13	data/reference_sequences/howell2013_cds/all_cds/KC795384_1.fasta	7e098f867002eba5825ab08860d4e4cf4b3a4a3779cdbd79efa3abd1fea0bc79	DOWNLOADED
S07_KC795386.1	7	174	neuA7		KC795386.1	2	REFERENCE_FASTA_ORDER_PLUS_ASSUMED	681	funA7	wzx7	other_biosynthesis_or_modification	Howell et al. 2013 J Bacteriol	10.1128/JB.00471-13	data/reference_sequences/howell2013_cds/all_cds/KC795386_1.fasta	b38282f0e85f6374ff48b57f30f4099c6fd72af9674eee7086a97c518d88d1cd	DOWNLOADED
S07_KC795387.1	7	174	wzx7		KC795387.1	3	REFERENCE_FASTA_ORDER_PLUS_ASSUMED	1197	neuA7	astA7	polysaccharide_biosynthesis_protein	Howell et al. 2013 J Bacteriol	10.1128/JB.00471-13	data/reference_sequences/howell2013_cds/all_cds/KC795387_1.fasta	acc3fd131083970f8b625d356e4e1f54995950f19b1a1745d7479b89a6fce047	DOWNLOADED
S07_KC795388.1	7	174	astA7		KC795388.1	4	REFERENCE_FASTA_ORDER_PLUS_ASSUMED	1008	wzx7	funP7	other_biosynthesis_or_modification	Howell et al. 2013 J Bacteriol	10.1128/JB.00471-13	data/reference_sequences/howell2013_cds/all_cds/KC795388_1.fasta	75d8e7149a3065cfb173c74034c89ddb729861f2edb32e09fabf7e80e8e2f5f5	DOWNLOADED
S07_KC795389.1	7	174	funP7		KC795389.1	5	REFERENCE_FASTA_ORDER_PLUS_ASSUMED	795	astA7	funQ7	function_unknown	Howell et al. 2013 J Bacteriol	10.1128/JB.00471-13	data/reference_sequences/howell2013_cds/all_cds/KC795389_1.fasta	c0e1638b777f22837522b07413c0563576ad443eda4e270de2653fdf340f581d	DOWNLOADED
S07_KC795390.1	7	174	funQ7		KC795390.1	6	REFERENCE_FASTA_ORDER_PLUS_ASSUMED	1182	funP7	gltJ7	function_unknown	Howell et al. 2013 J Bacteriol	10.1128/JB.00471-13	data/reference_sequences/howell2013_cds/all_cds/KC795390_1.fasta	30219d0dc1cbbbedc90bbe863e25ecc8b3a544a48ca21084b91fa7a95eaa8a69	DOWNLOADED
S07_KC795391.1	7	174	gltJ7		KC795391.1	7	REFERENCE_FASTA_ORDER_PLUS_ASSUMED	1215	funQ7	cap5E7	glycosyltransferase	Howell et al. 2013 J Bacteriol	10.1128/JB.00471-13	data/reference_sequences/howell2013_cds/all_cds/KC795391_1.fasta	8de61a83e4ad8fbbb7f374e8e9e9db979b4a436cbb45b02161d52b7275f98b56	DOWNLOADED
S07_KC795392.1	7	174	cap5E7		KC795392.1	8	REFERENCE_FASTA_ORDER_PLUS_ASSUMED	1050	gltJ7	ndeA7	other_not_classified	Howell et al. 2013 J Bacteriol	10.1128/JB.00471-13	data/reference_sequences/howell2013_cds/all_cds/KC795392_1.fasta	36eeac14ed9071742ba3c4ed12c54ed346597ee33b4c3cd44d27714c16698898	DOWNLOADED
S07_KC795393.1	7	174	ndeA7		KC795393.1	9	REFERENCE_FASTA_ORDER_PLUS_ASSUMED	1113	cap5E7	naeA7	other_not_classified	Howell et al. 2013 J Bacteriol	10.1128/JB.00471-13	data/reference_sequences/howell2013_cds/all_cds/KC795393_1.fasta	cc41df41c3d6601fe3a4689ed51cfc3e17ea1a7486f66effc72a78afdeed049a	DOWNLOADED
S07_KC795394.1	7	174	naeA7		KC795394.1	10	REFERENCE_FASTA_ORDER_PLUS_ASSUMED	1131	ndeA7	gltA7	other_not_classified	Howell et al. 2013 J Bacteriol	10.1128/JB.00471-13	data/reference_sequences/howell2013_cds/all_cds/KC795394_1.fasta	9fe318d526378d0fccb4a2030253181e5b1c6d480b1b2a028fa725f6afdc4be8	DOWNLOADED
S07_KC795395.1	7	174	gltA7		KC795395.1	11	REFERENCE_FASTA_ORDER_PLUS_ASSUMED	1218	naeA7	ndeB7	glycosyltransferase	Howell et al. 2013 J Bacteriol	10.1128/JB.00471-13	data/reference_sequences/howell2013_cds/all_cds/KC795395_1.fasta	55fbf1d7ff5bb6a5e9a229a76ba64ad424bf54dcf3efde74cbaf4644b1ebff70	DOWNLOADED
S07_KC795396.1	7	174	ndeB7		KC795396.1	12	REFERENCE_FASTA_ORDER_PLUS_ASSUMED	620	gltA7	pilT7	other_not_classified	Howell et al. 2013 J Bacteriol	10.1128/JB.00471-13	data/reference_sequences/howell2013_cds/all_cds/KC795396_1.fasta	99f13ffc77b4f07c271087b18e15b9e6fbc6232363394e2f48ebbac7c5e89985	DOWNLOADED
S07_KC795397.1	7	174	pilT7		KC795397.1	13	REFERENCE_FASTA_ORDER_PLUS_ASSUMED	393	ndeB7	cap5M7	other_not_classified	Howell et al. 2013 J Bacteriol	10.1128/JB.00471-13	data/reference_sequences/howell2013_cds/all_cds/KC795397_1.fasta	87690d63bb24976013df7278452a03dc0cbc55c9773f220c164faa6909c47aac	DOWNLOADED
S07_KC795398.1	7	174	cap5M7		KC795398.1	14	REFERENCE_FASTA_ORDER_PLUS_ASSUMED	549	pilT7	capD7	other_not_classified	Howell et al. 2013 J Bacteriol	10.1128/JB.00471-13	data/reference_sequences/howell2013_cds/all_cds/KC795398_1.fasta	542a800e48ff769df95e7c275495c549ffb6b6082308333b238d0ebe4a6f08c6	DOWNLOADED
S07_KC795399.1	7	174	capD7		KC795399.1	15	REFERENCE_FASTA_ORDER_PLUS_ASSUMED	1950	cap5M7	wza7	other_not_classified	Howell et al. 2013 J Bacteriol	10.1128/JB.00471-13	data/reference_sequences/howell2013_cds/all_cds/KC795399_1.fasta	2d9e3c95ce6642b815bf7641ac03aafd8ca47e13b7f6102be1061373686d0026	DOWNLOADED
S07_KC795400.1	7	174	wza7		KC795400.1	16	REFERENCE_FASTA_ORDER_PLUS_ASSUMED	1155	capD7	wzb7	polysaccharide_export	Howell et al. 2013 J Bacteriol	10.1128/JB.00471-13	data/reference_sequences/howell2013_cds/all_cds/KC795400_1.fasta	f4f2021c3a14c442668c239b910c94895311b41acf17c48d14f63abf2b19f3da	DOWNLOADED
S07_KC795402.1	7	174	wzb7		KC795402.1	17	REFERENCE_FASTA_ORDER_PLUS_ASSUMED	444	wza7	wzs7	polysaccharide_export	Howell et al. 2013 J Bacteriol	10.1128/JB.00471-13	data/reference_sequences/howell2013_cds/all_cds/KC795402_1.fasta	ecd5b8871dd77d6b194df0c6dd8b8f6ebf7a75a4ec07312fef0276ee23e832f7	DOWNLOADED
S07_KC795403.1	7	174	wzs7		KC795403.1	18	REFERENCE_FASTA_ORDER_PLUS_ASSUMED	2088	wzb7	iscR7	polysaccharide_export	Howell et al. 2013 J Bacteriol	10.1128/JB.00471-13	data/reference_sequences/howell2013_cds/all_cds/KC795403_1.fasta	6f0aabd5407647527c6ff3de4b49e7e1bdb9820d49bd7b0d622acda8027cbbd3	DOWNLOADED
S07_KC795404.1	7	174	iscR7		KC795404.1	19	REFERENCE_FASTA_ORDER_PLUS_ASSUMED	447	wzs7		transcriptional_regulator	Howell et al. 2013 J Bacteriol	10.1128/JB.00471-13	data/reference_sequences/howell2013_cds/all_cds/KC795404_1.fasta	4cb911575ffc6cc9f28b867cea13cbd3670623f0cde5be82020979838145f464	DOWNLOADED
S08_KC795405.1	8	C5	funA8		KC795405.1	1	REFERENCE_FASTA_ORDER_PLUS_ASSUMED	582		neuA8	function_unknown	Howell et al. 2013 J Bacteriol	10.1128/JB.00471-13	data/reference_sequences/howell2013_cds/all_cds/KC795405_1.fasta	73c6c432a9fff9684a42c816c399a3ea4d1fedbb10dee52cf1799e8e47ea2523	DOWNLOADED
S08_KC795406.1	8	C5	neuA8		KC795406.1	2	REFERENCE_FASTA_ORDER_PLUS_ASSUMED	711	funA8	wzx8	other_biosynthesis_or_modification	Howell et al. 2013 J Bacteriol	10.1128/JB.00471-13	data/reference_sequences/howell2013_cds/all_cds/KC795406_1.fasta	df15f9d2d79d1199f5b38c7bf9fc7dd8201bef094350d061f18b6cb8be92ed76	DOWNLOADED
S08_KC795407.1	8	C5	wzx8		KC795407.1	3	REFERENCE_FASTA_ORDER_PLUS_ASSUMED	1197	neuA8	astA8	polysaccharide_biosynthesis_protein	Howell et al. 2013 J Bacteriol	10.1128/JB.00471-13	data/reference_sequences/howell2013_cds/all_cds/KC795407_1.fasta	396786429d6f94baf798807c876158187bf10d52cdd2dd025318f735226d9f6d	DOWNLOADED
S08_KC795408.1	8	C5	astA8		KC795408.1	4	REFERENCE_FASTA_ORDER_PLUS_ASSUMED	1008	wzx8	gltH8	other_biosynthesis_or_modification	Howell et al. 2013 J Bacteriol	10.1128/JB.00471-13	data/reference_sequences/howell2013_cds/all_cds/KC795408_1.fasta	e6990f6700557647075ce0cf050144a23fe83c5615dd5f8dc5de694370b42ea4	DOWNLOADED
S08_KC795409.1	8	C5	gltH8		KC795409.1	5	REFERENCE_FASTA_ORDER_PLUS_ASSUMED	1002	astA8	adlA8	glycosyltransferase	Howell et al. 2013 J Bacteriol	10.1128/JB.00471-13	data/reference_sequences/howell2013_cds/all_cds/KC795409_1.fasta	c89bfb9c4d11201fb5739106041bf436bd209898a332e14561fa935ff12c746b	DOWNLOADED
S08_KC795410.1	8	C5	adlA8		KC795410.1	6	REFERENCE_FASTA_ORDER_PLUS_ASSUMED	1158	gltH8	scdA8	other_biosynthesis_or_modification	Howell et al. 2013 J Bacteriol	10.1128/JB.00471-13	data/reference_sequences/howell2013_cds/all_cds/KC795410_1.fasta	bef95e446eb715dd04c69f8398ba5f4ecd9c54eed9c4d30c4c70525090817086	DOWNLOADED
S08_KC795411.1	8	C5	scdA8		KC795411.1	7	REFERENCE_FASTA_ORDER_PLUS_ASSUMED	1203	adlA8	funS8	other_biosynthesis_or_modification	Howell et al. 2013 J Bacteriol	10.1128/JB.00471-13	data/reference_sequences/howell2013_cds/all_cds/KC795411_1.fasta	7c7c53d1d306ea30813e9ce6d977a9e0ff072232ed3898ce97c6a6e048e7517f	DOWNLOADED
S08_KC795412.1	8	C5	funS8		KC795412.1	8	REFERENCE_FASTA_ORDER_PLUS_ASSUMED	801	scdA8	gltK8	function_unknown	Howell et al. 2013 J Bacteriol	10.1128/JB.00471-13	data/reference_sequences/howell2013_cds/all_cds/KC795412_1.fasta	23acffea5f22c29d885aaf2e5c818719104b49f1d99eff8bd14e3796225f0548	DOWNLOADED
S08_KC795413.1	8	C5	gltK8		KC795413.1	9	REFERENCE_FASTA_ORDER_PLUS_ASSUMED	819	funS8	wbgX8	glycosyltransferase	Howell et al. 2013 J Bacteriol	10.1128/JB.00471-13	data/reference_sequences/howell2013_cds/all_cds/KC795413_1.fasta	329cf9ea5a3510926c31fe47f89a7a6e001f7d078d92efd96b9e9cf77dedce63	DOWNLOADED
S08_KC795414.1	8	C5	wbgX8		KC795414.1	10	REFERENCE_FASTA_ORDER_PLUS_ASSUMED	1152	gltK8	wbgY8	glycosyltransferase	Howell et al. 2013 J Bacteriol	10.1128/JB.00471-13	data/reference_sequences/howell2013_cds/all_cds/KC795414_1.fasta	246cc8553306f6e79df11f5b904257d8b99d223e3016175f0305c080e59faf58	DOWNLOADED
S08_KC795415.1	8	C5	wbgY8		KC795415.1	11	REFERENCE_FASTA_ORDER_PLUS_ASSUMED	594	wbgX8	funM8	glycosyltransferase	Howell et al. 2013 J Bacteriol	10.1128/JB.00471-13	data/reference_sequences/howell2013_cds/all_cds/KC795415_1.fasta	25da52b94d5e1b9048e03ba60a120c2836d8664d4dbdbd5b2579507131ccf686	DOWNLOADED
S08_KC795416.1	8	C5	funM8		KC795416.1	12	REFERENCE_FASTA_ORDER_PLUS_ASSUMED	1293	wbgY8	funN8	function_unknown	Howell et al. 2013 J Bacteriol	10.1128/JB.00471-13	data/reference_sequences/howell2013_cds/all_cds/KC795416_1.fasta	f620a0966f2aff2b106fd656d95e65a6ed84bc66eeb461a8b3bba0e30a3f950c	DOWNLOADED
S08_KC795417.1	8	C5	funN8		KC795417.1	13	REFERENCE_FASTA_ORDER_PLUS_ASSUMED	522	funM8	wza8	function_unknown	Howell et al. 2013 J Bacteriol	10.1128/JB.00471-13	data/reference_sequences/howell2013_cds/all_cds/KC795417_1.fasta	acec3a9c7a8c6a40a81be6199f4dbc5593fb6a34aa44ae09ea362614cfed6de5	DOWNLOADED
S08_KC795418.1	8	C5	wza8		KC795418.1	14	REFERENCE_FASTA_ORDER_PLUS_ASSUMED	1155	funN8	wzb8	polysaccharide_export	Howell et al. 2013 J Bacteriol	10.1128/JB.00471-13	data/reference_sequences/howell2013_cds/all_cds/KC795418_1.fasta	98e4a5559f7d10f2aef741311e1fa65b610269781eb3fe3a4513a9e4ad3f5229	DOWNLOADED
S08_KC795420.1	8	C5	wzb8		KC795420.1	15	REFERENCE_FASTA_ORDER_PLUS_ASSUMED	444	wza8	wzs8	polysaccharide_export	Howell et al. 2013 J Bacteriol	10.1128/JB.00471-13	data/reference_sequences/howell2013_cds/all_cds/KC795420_1.fasta	ecd5b8871dd77d6b194df0c6dd8b8f6ebf7a75a4ec07312fef0276ee23e832f7	DOWNLOADED
S08_KC795421.1	8	C5	wzs8		KC795421.1	16	REFERENCE_FASTA_ORDER_PLUS_ASSUMED	2088	wzb8	iscR8	polysaccharide_export	Howell et al. 2013 J Bacteriol	10.1128/JB.00471-13	data/reference_sequences/howell2013_cds/all_cds/KC795421_1.fasta	bc9fa21082f4194188f91f6b2316162e4f41b6f0dccf296f74d389e0597da6c5	DOWNLOADED
S08_KC795422.1	8	C5	iscR8		KC795422.1	17	REFERENCE_FASTA_ORDER_PLUS_ASSUMED	447	wzs8	capD8	transcriptional_regulator	Howell et al. 2013 J Bacteriol	10.1128/JB.00471-13	data/reference_sequences/howell2013_cds/all_cds/KC795422_1.fasta	235a7558e94b3ca4bed1f0f8ba2607a16ce7714a3963d0e605b8b06df11b8862	DOWNLOADED
S08_KC853023.1	8	C5	capD8		KC853023.1	18	REFERENCE_FASTA_ORDER_PLUS_ASSUMED	1933	iscR8		other_not_classified	Howell et al. 2013 J Bacteriol	10.1128/JB.00471-13	data/reference_sequences/howell2013_cds/all_cds/KC853023_1.fasta	d77f5b7514e08cc2229d933ac3d3259ecc83d3bccbefb211475ce633c3666c21	DOWNLOADED
S09_KC795423.1	9	D74	funA9		KC795423.1	1	REFERENCE_FASTA_ORDER_PLUS_ASSUMED	582		neuA9	function_unknown	Howell et al. 2013 J Bacteriol	10.1128/JB.00471-13	data/reference_sequences/howell2013_cds/all_cds/KC795423_1.fasta	ac0ca08b94e3f5b3922b057d67b7ec646638eea1b81da2c359a0928108ca4e56	DOWNLOADED
S09_KC795425.1	9	D74	neuA9		KC795425.1	2	REFERENCE_FASTA_ORDER_PLUS_ASSUMED	681	funA9	wzx9	other_biosynthesis_or_modification	Howell et al. 2013 J Bacteriol	10.1128/JB.00471-13	data/reference_sequences/howell2013_cds/all_cds/KC795425_1.fasta	85537866b775bfbbc775b0a498fdf56790967ddfe35466b588a3b8fc7a756d51	DOWNLOADED
S09_KC795426.1	9	D74	wzx9		KC795426.1	3	REFERENCE_FASTA_ORDER_PLUS_ASSUMED	1197	neuA9	astA9	polysaccharide_biosynthesis_protein	Howell et al. 2013 J Bacteriol	10.1128/JB.00471-13	data/reference_sequences/howell2013_cds/all_cds/KC795426_1.fasta	595606df88b98fab777f0449e533863a9b8f8ad0959d033294a77ed2993e5ea8	DOWNLOADED
S09_KC795427.1	9	D74	astA9		KC795427.1	4	REFERENCE_FASTA_ORDER_PLUS_ASSUMED	1008	wzx9	funP9	other_biosynthesis_or_modification	Howell et al. 2013 J Bacteriol	10.1128/JB.00471-13	data/reference_sequences/howell2013_cds/all_cds/KC795427_1.fasta	752e7ea3f1969bf5eac687c998f1838006e7b1758d310a26ce2e7a10b5850c72	DOWNLOADED
S09_KC795428.1	9	D74	funP9		KC795428.1	5	REFERENCE_FASTA_ORDER_PLUS_ASSUMED	810	astA9	funV9	function_unknown	Howell et al. 2013 J Bacteriol	10.1128/JB.00471-13	data/reference_sequences/howell2013_cds/all_cds/KC795428_1.fasta	e7b97d7eaffab91c29da864c7abf9535bc9a5337d491870e2faf125941dde263	DOWNLOADED
S09_KC795429.1	9	D74	funV9		KC795429.1	6	REFERENCE_FASTA_ORDER_PLUS_ASSUMED	1167	funP9	gltL9	function_unknown	Howell et al. 2013 J Bacteriol	10.1128/JB.00471-13	data/reference_sequences/howell2013_cds/all_cds/KC795429_1.fasta	05c9770ad13dabc1c5134c786e22c4b3cbc08de678a8598ea338108a428d8524	DOWNLOADED
S09_KC795430.1	9	D74	gltL9		KC795430.1	7	REFERENCE_FASTA_ORDER_PLUS_ASSUMED	1119	funV9	gltM9	glycosyltransferase	Howell et al. 2013 J Bacteriol	10.1128/JB.00471-13	data/reference_sequences/howell2013_cds/all_cds/KC795430_1.fasta	2ba3495010ee3ea1eab36384bcd5bb946b15fd3f06c30a348086208e25d50dfc	DOWNLOADED
S09_KC795431.1	9	D74	gltM9		KC795431.1	8	REFERENCE_FASTA_ORDER_PLUS_ASSUMED	1134	gltL9	ndeB9	glycosyltransferase	Howell et al. 2013 J Bacteriol	10.1128/JB.00471-13	data/reference_sequences/howell2013_cds/all_cds/KC795431_1.fasta	aa34e2ee0cc469792d4f923b9b4aede3b440cae30d4edcc9031fdc63bf5c7884	DOWNLOADED
S09_KC795432.1	9	D74	ndeB9		KC795432.1	9	REFERENCE_FASTA_ORDER_PLUS_ASSUMED	858	gltM9	pilT9	other_not_classified	Howell et al. 2013 J Bacteriol	10.1128/JB.00471-13	data/reference_sequences/howell2013_cds/all_cds/KC795432_1.fasta	b940eee5729bf243ffd58a9b8369232a9ca36e5dd1271c4ae5cee6033f2a755a	DOWNLOADED
S09_KC795433.1	9	D74	pilT9		KC795433.1	10	REFERENCE_FASTA_ORDER_PLUS_ASSUMED	393	ndeB9	cap5M9	other_not_classified	Howell et al. 2013 J Bacteriol	10.1128/JB.00471-13	data/reference_sequences/howell2013_cds/all_cds/KC795433_1.fasta	4c543f6c39034a58331cb174340611675251c93606a062d51d11f2653f6f90a4	DOWNLOADED
S09_KC795434.1	9	D74	cap5M9		KC795434.1	11	REFERENCE_FASTA_ORDER_PLUS_ASSUMED	549	pilT9	capD9	other_not_classified	Howell et al. 2013 J Bacteriol	10.1128/JB.00471-13	data/reference_sequences/howell2013_cds/all_cds/KC795434_1.fasta	a11e7e5fe57a9e8cc641244459f4870e1ba4a9ecb0364428925f6050b877c9b6	DOWNLOADED
S09_KC795435.1	9	D74	capD9		KC795435.1	12	REFERENCE_FASTA_ORDER_PLUS_ASSUMED	1941	cap5M9	wza9	other_not_classified	Howell et al. 2013 J Bacteriol	10.1128/JB.00471-13	data/reference_sequences/howell2013_cds/all_cds/KC795435_1.fasta	dd7fc693ac1aab6e5fc9057713efd40a5ed0ca1433f93809d04a1235d16e1f9d	DOWNLOADED
S09_KC795436.1	9	D74	wza9		KC795436.1	13	REFERENCE_FASTA_ORDER_PLUS_ASSUMED	1155	capD9	wzb9	polysaccharide_export	Howell et al. 2013 J Bacteriol	10.1128/JB.00471-13	data/reference_sequences/howell2013_cds/all_cds/KC795436_1.fasta	6903347954a3060f4985c16fd458c7eb53f88ebc74711c3e3f19584897aab1cb	DOWNLOADED
S09_KC795438.1	9	D74	wzb9		KC795438.1	14	REFERENCE_FASTA_ORDER_PLUS_ASSUMED	444	wza9	wzs9	polysaccharide_export	Howell et al. 2013 J Bacteriol	10.1128/JB.00471-13	data/reference_sequences/howell2013_cds/all_cds/KC795438_1.fasta	ecd5b8871dd77d6b194df0c6dd8b8f6ebf7a75a4ec07312fef0276ee23e832f7	DOWNLOADED
S09_KC795439.1	9	D74	wzs9		KC795439.1	15	REFERENCE_FASTA_ORDER_PLUS_ASSUMED	2088	wzb9	iscR9	polysaccharide_export	Howell et al. 2013 J Bacteriol	10.1128/JB.00471-13	data/reference_sequences/howell2013_cds/all_cds/KC795439_1.fasta	ebef671980a47d627047af7b6531c2725fe94ef96913009cdb05b1ba9e5ce7a4	DOWNLOADED
S09_KC795440.1	9	D74	iscR9		KC795440.1	16	REFERENCE_FASTA_ORDER_PLUS_ASSUMED	447	wzs9		transcriptional_regulator	Howell et al. 2013 J Bacteriol	10.1128/JB.00471-13	data/reference_sequences/howell2013_cds/all_cds/KC795440_1.fasta	55665186c060d3fb6c7b930808cb1c372c2bd2dd4cdb212fd98b4ec9649b5b32	DOWNLOADED
S10_KC795441.1	10	H555	funA10		KC795441.1	1	REFERENCE_FASTA_ORDER_PLUS_ASSUMED	582		neuA10	function_unknown	Howell et al. 2013 J Bacteriol	10.1128/JB.00471-13	data/reference_sequences/howell2013_cds/all_cds/KC795441_1.fasta	8f6b468482ee70542c62144e9c34d0db2363e323e47122ccb53083a8819c82e2	DOWNLOADED
S10_KC795443.1	10	H555	neuA10		KC795443.1	2	REFERENCE_FASTA_ORDER_PLUS_ASSUMED	681	funA10	wzx10	other_biosynthesis_or_modification	Howell et al. 2013 J Bacteriol	10.1128/JB.00471-13	data/reference_sequences/howell2013_cds/all_cds/KC795443_1.fasta	2214e77f67f7a0b1c73a73e5bdda3aaa5151a6e21b70e441dad577c2ac5352ef	DOWNLOADED
S10_KC795444.1	10	H555	wzx10		KC795444.1	3	REFERENCE_FASTA_ORDER_PLUS_ASSUMED	1197	neuA10	astA10	polysaccharide_biosynthesis_protein	Howell et al. 2013 J Bacteriol	10.1128/JB.00471-13	data/reference_sequences/howell2013_cds/all_cds/KC795444_1.fasta	3951b04c80c94896cf34a6e3ab79a8ecc1a64372bb418bfa9887a16e48c4cb22	DOWNLOADED
S10_KC795445.1	10	H555	astA10		KC795445.1	4	REFERENCE_FASTA_ORDER_PLUS_ASSUMED	1008	wzx10	gltH10	other_biosynthesis_or_modification	Howell et al. 2013 J Bacteriol	10.1128/JB.00471-13	data/reference_sequences/howell2013_cds/all_cds/KC795445_1.fasta	a4ed8446de396d8c51850ec11ca561a1cc83077e1cf4d9839ff5ab3f2b422a76	DOWNLOADED
S10_KC795446.1	10	H555	gltH10		KC795446.1	5	REFERENCE_FASTA_ORDER_PLUS_ASSUMED	1002	astA10	adlA10	glycosyltransferase	Howell et al. 2013 J Bacteriol	10.1128/JB.00471-13	data/reference_sequences/howell2013_cds/all_cds/KC795446_1.fasta	9aa8e345ae648fe244581db30867908299994859bd969f6df68b2aa8258ff325	DOWNLOADED
S10_KC795447.1	10	H555	adlA10		KC795447.1	6	REFERENCE_FASTA_ORDER_PLUS_ASSUMED	1104	gltH10	funX10	other_biosynthesis_or_modification	Howell et al. 2013 J Bacteriol	10.1128/JB.00471-13	data/reference_sequences/howell2013_cds/all_cds/KC795447_1.fasta	9c0e430dd6ac107defede5bcdf2a3f1b7d0d96ba460d360006e430871f80c5ba	DOWNLOADED
S10_KC795448.1	10	H555	funX10		KC795448.1	7	REFERENCE_FASTA_ORDER_PLUS_ASSUMED	1284	adlA10	funS10	function_unknown	Howell et al. 2013 J Bacteriol	10.1128/JB.00471-13	data/reference_sequences/howell2013_cds/all_cds/KC795448_1.fasta	dd89abee76f43f5f0b571d2d839f37265630c7c0071e9d14e60e12c4b07f8aef	DOWNLOADED
S10_KC795449.1	10	H555	funS10		KC795449.1	8	REFERENCE_FASTA_ORDER_PLUS_ASSUMED	807	funX10	gltK10	function_unknown	Howell et al. 2013 J Bacteriol	10.1128/JB.00471-13	data/reference_sequences/howell2013_cds/all_cds/KC795449_1.fasta	826c430680a38979c24377e566f6ccdfc8f4af0fb4e32a44d0d8bb1a3e0fd287	DOWNLOADED
S10_KC795450.1	10	H555	gltK10		KC795450.1	9	REFERENCE_FASTA_ORDER_PLUS_ASSUMED	819	funS10	wbgX10	glycosyltransferase	Howell et al. 2013 J Bacteriol	10.1128/JB.00471-13	data/reference_sequences/howell2013_cds/all_cds/KC795450_1.fasta	28702dd86cf66710f7cef1e4aef8d8798223e8a034574ccf22ef5b893c80ee7e	DOWNLOADED
S10_KC795451.1	10	H555	wbgX10		KC795451.1	10	REFERENCE_FASTA_ORDER_PLUS_ASSUMED	1152	gltK10	wbgY10	glycosyltransferase	Howell et al. 2013 J Bacteriol	10.1128/JB.00471-13	data/reference_sequences/howell2013_cds/all_cds/KC795451_1.fasta	d4373310c1a1bedc26c02668009928d898ed811b1be5a55bd210817bc83dfba2	DOWNLOADED
S10_KC795452.1	10	H555	wbgY10		KC795452.1	11	REFERENCE_FASTA_ORDER_PLUS_ASSUMED	594	wbgX10	funM10	glycosyltransferase	Howell et al. 2013 J Bacteriol	10.1128/JB.00471-13	data/reference_sequences/howell2013_cds/all_cds/KC795452_1.fasta	25da52b94d5e1b9048e03ba60a120c2836d8664d4dbdbd5b2579507131ccf686	DOWNLOADED
S10_KC795453.1	10	H555	funM10		KC795453.1	12	REFERENCE_FASTA_ORDER_PLUS_ASSUMED	1293	wbgY10	capD10	function_unknown	Howell et al. 2013 J Bacteriol	10.1128/JB.00471-13	data/reference_sequences/howell2013_cds/all_cds/KC795453_1.fasta	96e8e18d2d7fb4a5b6f235eec8546264494bd817bf1bd7ec3ff977b071b8ec33	DOWNLOADED
S10_KC795454.1	10	H555	capD10		KC795454.1	13	REFERENCE_FASTA_ORDER_PLUS_ASSUMED	1941	funM10	wza10	other_not_classified	Howell et al. 2013 J Bacteriol	10.1128/JB.00471-13	data/reference_sequences/howell2013_cds/all_cds/KC795454_1.fasta	27fd13f4accc18fb43546a55fff5a082aa98fbb446de6cc32ed4548ba3587c00	DOWNLOADED
S10_KC795455.1	10	H555	wza10		KC795455.1	14	REFERENCE_FASTA_ORDER_PLUS_ASSUMED	1155	capD10	wzb10	polysaccharide_export	Howell et al. 2013 J Bacteriol	10.1128/JB.00471-13	data/reference_sequences/howell2013_cds/all_cds/KC795455_1.fasta	ac2bd549db2b7d58ee096be2a26d5595c3535e4e8f69d35f908aceda9c41153a	DOWNLOADED
S10_KC795457.1	10	H555	wzb10		KC795457.1	15	REFERENCE_FASTA_ORDER_PLUS_ASSUMED	444	wza10	wzs10	polysaccharide_export	Howell et al. 2013 J Bacteriol	10.1128/JB.00471-13	data/reference_sequences/howell2013_cds/all_cds/KC795457_1.fasta	ecd5b8871dd77d6b194df0c6dd8b8f6ebf7a75a4ec07312fef0276ee23e832f7	DOWNLOADED
S10_KC795458.1	10	H555	wzs10		KC795458.1	16	REFERENCE_FASTA_ORDER_PLUS_ASSUMED	2088	wzb10	iscR10	polysaccharide_export	Howell et al. 2013 J Bacteriol	10.1128/JB.00471-13	data/reference_sequences/howell2013_cds/all_cds/KC795458_1.fasta	f04128a610ece319ae68ccab4ec8661edb7c95c1083d2230e66e20947acca598	DOWNLOADED
S10_KC795459.1	10	H555	iscR10		KC795459.1	17	REFERENCE_FASTA_ORDER_PLUS_ASSUMED	447	wzs10		transcriptional_regulator	Howell et al. 2013 J Bacteriol	10.1128/JB.00471-13	data/reference_sequences/howell2013_cds/all_cds/KC795459_1.fasta	235a7558e94b3ca4bed1f0f8ba2607a16ce7714a3963d0e605b8b06df11b8862	DOWNLOADED
S11_KC795460.1	11	H465	funA11		KC795460.1	1	REFERENCE_FASTA_ORDER_PLUS_ASSUMED	582		funB11	function_unknown	Howell et al. 2013 J Bacteriol	10.1128/JB.00471-13	data/reference_sequences/howell2013_cds/all_cds/KC795460_1.fasta	36ab36e4e54f1722af7826fa93d6b2ff26a10abe02f190ab23d79f2b1ebe97b9	DOWNLOADED
S11_KC795461.1	11	H465	funB11		KC795461.1	2	REFERENCE_FASTA_ORDER_PLUS_ASSUMED	1245	funA11	hydA11	function_unknown	Howell et al. 2013 J Bacteriol	10.1128/JB.00471-13	data/reference_sequences/howell2013_cds/all_cds/KC795461_1.fasta	4214c992b5c25dc3a15f2d292ae7515e51667258911f83a5dfa9075a2a3c74fb	DOWNLOADED
S11_KC795462.1	11	H465	hydA11		KC795462.1	3	REFERENCE_FASTA_ORDER_PLUS_ASSUMED	1491	funB11	funC11	other_not_classified	Howell et al. 2013 J Bacteriol	10.1128/JB.00471-13	data/reference_sequences/howell2013_cds/all_cds/KC795462_1.fasta	b8f2ef08f316be4d532d4e5f0d9d8c9974c19673e0ab846c29fb50d3820105e2	DOWNLOADED
S11_KC795463.1	11	H465	funC11		KC795463.1	4	REFERENCE_FASTA_ORDER_PLUS_ASSUMED	270	hydA11	gptA11	function_unknown	Howell et al. 2013 J Bacteriol	10.1128/JB.00471-13	data/reference_sequences/howell2013_cds/all_cds/KC795463_1.fasta	2d9c5e330390ada0970dffc5156ba311c438f857c343a27325d779314589ef61	DOWNLOADED
S11_KC795464.1	11	H465	gptA11		KC795464.1	5	REFERENCE_FASTA_ORDER_PLUS_ASSUMED	1230	funC11	wbuS11	glycosyltransferase	Howell et al. 2013 J Bacteriol	10.1128/JB.00471-13	data/reference_sequences/howell2013_cds/all_cds/KC795464_1.fasta	960db2eb7b6d2e520b5d48c630ff4bf4edc058198f007e9e1d8e21f9aa1debd9	DOWNLOADED
S11_KC795465.1	11	H465	wbuS11		KC795465.1	6	REFERENCE_FASTA_ORDER_PLUS_ASSUMED	981	gptA11	wzy11	glycosyltransferase	Howell et al. 2013 J Bacteriol	10.1128/JB.00471-13	data/reference_sequences/howell2013_cds/all_cds/KC795465_1.fasta	db38fc19636af1215260a05236e45d3097d1b0ede677ada7ca23a03b007c2a46	DOWNLOADED
S11_KC795466.1	11	H465	wzy11		KC795466.1	7	REFERENCE_FASTA_ORDER_PLUS_ASSUMED	1176	wbuS11	cap5E11	polysaccharide_biosynthesis_protein	Howell et al. 2013 J Bacteriol	10.1128/JB.00471-13	data/reference_sequences/howell2013_cds/all_cds/KC795466_1.fasta	f725f7aa6bf95dc1e3b4d81b717a82baf4ce22d32d208525f8690ba6a4dbf5b5	DOWNLOADED
S11_KC795467.1	11	H465	cap5E11		KC795467.1	8	REFERENCE_FASTA_ORDER_PLUS_ASSUMED	1032	wzy11	ndeA11	other_not_classified	Howell et al. 2013 J Bacteriol	10.1128/JB.00471-13	data/reference_sequences/howell2013_cds/all_cds/KC795467_1.fasta	faef7e18526f7383997df5ecb8df39f4366e771aef5f80bd6dc2fc113e5b8648	DOWNLOADED
S11_KC795468.1	11	H465	ndeA11		KC795468.1	9	REFERENCE_FASTA_ORDER_PLUS_ASSUMED	1113	cap5E11	naeA11	other_not_classified	Howell et al. 2013 J Bacteriol	10.1128/JB.00471-13	data/reference_sequences/howell2013_cds/all_cds/KC795468_1.fasta	d8be1e9bf5a0eade74b318e9ed20e04996612441c18cd2479b404ec019f379b2	DOWNLOADED
S11_KC795469.1	11	H465	naeA11		KC795469.1	10	REFERENCE_FASTA_ORDER_PLUS_ASSUMED	1131	ndeA11	gltO11	other_not_classified	Howell et al. 2013 J Bacteriol	10.1128/JB.00471-13	data/reference_sequences/howell2013_cds/all_cds/KC795469_1.fasta	be24dab46f7bfa1734d9f4f20f3f15cf306e27dfe6c4e3cadd61f720b579ab28	DOWNLOADED
S11_KC795470.1	11	H465	gltO11		KC795470.1	11	REFERENCE_FASTA_ORDER_PLUS_ASSUMED	1281	naeA11	bstA11	glycosyltransferase	Howell et al. 2013 J Bacteriol	10.1128/JB.00471-13	data/reference_sequences/howell2013_cds/all_cds/KC795470_1.fasta	75db0add92e4065be768b0fba00b596e875f1691dba6aab4fa8d108030525a73	DOWNLOADED
S11_KC795471.1	11	H465	bstA11		KC795471.1	12	REFERENCE_FASTA_ORDER_PLUS_ASSUMED	582	gltO11	actA11	other_not_classified	Howell et al. 2013 J Bacteriol	10.1128/JB.00471-13	data/reference_sequences/howell2013_cds/all_cds/KC795471_1.fasta	10605fd74589c23d4528ad1449b402d4a733625fe2840b46095f0fda049cdd66	DOWNLOADED
S11_KC795472.1	11	H465	actA11		KC795472.1	13	REFERENCE_FASTA_ORDER_PLUS_ASSUMED	657	bstA11	funY11	other_not_classified	Howell et al. 2013 J Bacteriol	10.1128/JB.00471-13	data/reference_sequences/howell2013_cds/all_cds/KC795472_1.fasta	cc88d7f331466ef0a607d3108eb833355c7660ab1f23b1aaf50b47c55a477ebd	DOWNLOADED
S11_KC795473.1	11	H465	funY11		KC795473.1	14	REFERENCE_FASTA_ORDER_PLUS_ASSUMED	432	actA11	amtA11	function_unknown	Howell et al. 2013 J Bacteriol	10.1128/JB.00471-13	data/reference_sequences/howell2013_cds/all_cds/KC795473_1.fasta	de0132fcf9d240b408114b259a0f21799ac1506e613a68ecded5e754f8da8727	DOWNLOADED
S11_KC795474.1	11	H465	amtA11		KC795474.1	15	REFERENCE_FASTA_ORDER_PLUS_ASSUMED	1179	funY11	capD11	other_biosynthesis_or_modification	Howell et al. 2013 J Bacteriol	10.1128/JB.00471-13	data/reference_sequences/howell2013_cds/all_cds/KC795474_1.fasta	b98aaf5e1f9acf317abea4743241f9ddc2247d24b81516a729ee3642c9bef8cd	DOWNLOADED
S11_KC795475.1	11	H465	capD11		KC795475.1	16	REFERENCE_FASTA_ORDER_PLUS_ASSUMED	1965	amtA11	wza11	other_not_classified	Howell et al. 2013 J Bacteriol	10.1128/JB.00471-13	data/reference_sequences/howell2013_cds/all_cds/KC795475_1.fasta	beea3a4783014e20bfaa7664997256061bc8eda0262d2af5d61c264aa97708ee	DOWNLOADED
S11_KC795476.1	11	H465	wza11		KC795476.1	17	REFERENCE_FASTA_ORDER_PLUS_ASSUMED	1167	capD11	wzb11	polysaccharide_export	Howell et al. 2013 J Bacteriol	10.1128/JB.00471-13	data/reference_sequences/howell2013_cds/all_cds/KC795476_1.fasta	7fa080d69e8d7758ded0ca0ce5b7eb13c94cfd806628565beb19d09b72e39d94	DOWNLOADED
S11_KC795478.1	11	H465	wzb11		KC795478.1	18	REFERENCE_FASTA_ORDER_PLUS_ASSUMED	444	wza11	wzs11	polysaccharide_export	Howell et al. 2013 J Bacteriol	10.1128/JB.00471-13	data/reference_sequences/howell2013_cds/all_cds/KC795478_1.fasta	ecd5b8871dd77d6b194df0c6dd8b8f6ebf7a75a4ec07312fef0276ee23e832f7	DOWNLOADED
S11_KC795479.1	11	H465	wzs11		KC795479.1	19	REFERENCE_FASTA_ORDER_PLUS_ASSUMED	2088	wzb11	iscR11	polysaccharide_export	Howell et al. 2013 J Bacteriol	10.1128/JB.00471-13	data/reference_sequences/howell2013_cds/all_cds/KC795479_1.fasta	d1460d68d9107ce3b1cb4f4023aa30e0e5a0ff0790a0099bfbd8349c202cd6d4	DOWNLOADED
S11_KC795480.1	11	H465	iscR11		KC795480.1	20	REFERENCE_FASTA_ORDER_PLUS_ASSUMED	447	wzs11		transcriptional_regulator	Howell et al. 2013 J Bacteriol	10.1128/JB.00471-13	data/reference_sequences/howell2013_cds/all_cds/KC795480_1.fasta	a3a3719477c54a8a8be36b0b701b221dbc90da862af6877ee613f44febd427c3	DOWNLOADED
S12_KC795481.1	12	H425	funA12		KC795481.1	1	REFERENCE_FASTA_ORDER_PLUS_ASSUMED	582		neuA12	function_unknown	Howell et al. 2013 J Bacteriol	10.1128/JB.00471-13	data/reference_sequences/howell2013_cds/all_cds/KC795481_1.fasta	46d65b4174f196bccd5120b958b9c61c946d04d4a44b36fa652b0b80ebf4944a	DOWNLOADED
S12_KC795482.1	12	H425	neuA12		KC795482.1	2	REFERENCE_FASTA_ORDER_PLUS_ASSUMED	585	funA12	wzx12	other_biosynthesis_or_modification	Howell et al. 2013 J Bacteriol	10.1128/JB.00471-13	data/reference_sequences/howell2013_cds/all_cds/KC795482_1.fasta	d42c4207b2a414f3ba79de8738d5205884e9f8c21964f2c2377753c6ab296c64	DOWNLOADED
S12_KC795483.1	12	H425	wzx12		KC795483.1	3	REFERENCE_FASTA_ORDER_PLUS_ASSUMED	1197	neuA12	lsgB12	polysaccharide_biosynthesis_protein	Howell et al. 2013 J Bacteriol	10.1128/JB.00471-13	data/reference_sequences/howell2013_cds/all_cds/KC795483_1.fasta	0923691f5420cb5050930090ebaafe087f6ad1be430a9d5c44ef6155eded1406	DOWNLOADED
S12_KC795484.1	12	H425	lsgB12		KC795484.1	4	REFERENCE_FASTA_ORDER_PLUS_ASSUMED	969	wzx12	funK12	other_biosynthesis_or_modification	Howell et al. 2013 J Bacteriol	10.1128/JB.00471-13	data/reference_sequences/howell2013_cds/all_cds/KC795484_1.fasta	77e7bc1c3d167ed5768dc799e913097b221d540a70fb33c3d4cc1d29039427ee	DOWNLOADED
S12_KC795485.1	12	H425	funK12		KC795485.1	5	REFERENCE_FASTA_ORDER_PLUS_ASSUMED	1029	lsgB12	wcwK12	function_unknown	Howell et al. 2013 J Bacteriol	10.1128/JB.00471-13	data/reference_sequences/howell2013_cds/all_cds/KC795485_1.fasta	9f6e5e8ae9308cf4bbbaeb32f28a1014bf37d83a2cc813564924552b59f2c601	DOWNLOADED
S12_KC795486.1	12	H425	wcwK12		KC795486.1	6	REFERENCE_FASTA_ORDER_PLUS_ASSUMED	1032	funK12	wcfQ12	glycosyltransferase	Howell et al. 2013 J Bacteriol	10.1128/JB.00471-13	data/reference_sequences/howell2013_cds/all_cds/KC795486_1.fasta	b344b3a27f753b54ca04f0594f8978f2f38c76b2e3ee9a366a1e27876ab6b931	DOWNLOADED
S12_KC795487.1	12	H425	wcfQ12		KC795487.1	7	REFERENCE_FASTA_ORDER_PLUS_ASSUMED	819	wcwK12	wbgX12	glycosyltransferase	Howell et al. 2013 J Bacteriol	10.1128/JB.00471-13	data/reference_sequences/howell2013_cds/all_cds/KC795487_1.fasta	b03084b1c70f74d2dc35d48a48d964074d9896cafd9e24c4e7966f850706625d	DOWNLOADED
S12_KC795488.1	12	H425	wbgX12		KC795488.1	8	REFERENCE_FASTA_ORDER_PLUS_ASSUMED	1209	wcfQ12	wbgY12	glycosyltransferase	Howell et al. 2013 J Bacteriol	10.1128/JB.00471-13	data/reference_sequences/howell2013_cds/all_cds/KC795488_1.fasta	d73fa9ed84ad9590c540595002f32184fde4064d468d46290d98d7842c1ef9f2	DOWNLOADED
S12_KC795489.1	12	H425	wbgY12		KC795489.1	9	REFERENCE_FASTA_ORDER_PLUS_ASSUMED	594	wbgX12	capD12	glycosyltransferase	Howell et al. 2013 J Bacteriol	10.1128/JB.00471-13	data/reference_sequences/howell2013_cds/all_cds/KC795489_1.fasta	f0e5d08d6efea063d2df1495f99cb6ec76b2bae23387314a76fe2a325f947916	DOWNLOADED
S12_KC795490.1	12	H425	capD12		KC795490.1	10	REFERENCE_FASTA_ORDER_PLUS_ASSUMED	1941	wbgY12	wza12	other_not_classified	Howell et al. 2013 J Bacteriol	10.1128/JB.00471-13	data/reference_sequences/howell2013_cds/all_cds/KC795490_1.fasta	468aa151949148d67bd6c5d13c72c6f816bc2ed3db555cb9292dbe9283a78837	DOWNLOADED
S12_KC795491.1	12	H425	wza12		KC795491.1	11	REFERENCE_FASTA_ORDER_PLUS_ASSUMED	1155	capD12	wzb12	polysaccharide_export	Howell et al. 2013 J Bacteriol	10.1128/JB.00471-13	data/reference_sequences/howell2013_cds/all_cds/KC795491_1.fasta	3c27cf5ce2e5409251d2102c65d261f0f75beae814536580991294186d71c4df	DOWNLOADED
S12_KC795493.1	12	H425	wzb12		KC795493.1	12	REFERENCE_FASTA_ORDER_PLUS_ASSUMED	444	wza12	wzs12	polysaccharide_export	Howell et al. 2013 J Bacteriol	10.1128/JB.00471-13	data/reference_sequences/howell2013_cds/all_cds/KC795493_1.fasta	ecd5b8871dd77d6b194df0c6dd8b8f6ebf7a75a4ec07312fef0276ee23e832f7	DOWNLOADED
S12_KC795494.1	12	H425	wzs12		KC795494.1	13	REFERENCE_FASTA_ORDER_PLUS_ASSUMED	2088	wzb12	iscR12	polysaccharide_export	Howell et al. 2013 J Bacteriol	10.1128/JB.00471-13	data/reference_sequences/howell2013_cds/all_cds/KC795494_1.fasta	d1460d68d9107ce3b1cb4f4023aa30e0e5a0ff0790a0099bfbd8349c202cd6d4	DOWNLOADED
S12_KC795495.1	12	H425	iscR12		KC795495.1	14	REFERENCE_FASTA_ORDER_PLUS_ASSUMED	447	wzs12		transcriptional_regulator	Howell et al. 2013 J Bacteriol	10.1128/JB.00471-13	data/reference_sequences/howell2013_cds/all_cds/KC795495_1.fasta	9b392bb6a5891440e18f0076a44fb36ba8e59d001a51e788f9060b92772ca271	DOWNLOADED
S13_KC795496.1	13	IA-84-17975	funA13		KC795496.1	1	REFERENCE_FASTA_ORDER_PLUS_ASSUMED	582		neuA13	function_unknown	Howell et al. 2013 J Bacteriol	10.1128/JB.00471-13	data/reference_sequences/howell2013_cds/all_cds/KC795496_1.fasta	84c4e204c40153f3b0e833ef13336af62a8df283371dc182a4d5cb8b99e8dd99	DOWNLOADED
S13_KC795497.1	13	IA-84-17975	neuA13		KC795497.1	2	REFERENCE_FASTA_ORDER_PLUS_ASSUMED	741	funA13	wzx13	other_biosynthesis_or_modification	Howell et al. 2013 J Bacteriol	10.1128/JB.00471-13	data/reference_sequences/howell2013_cds/all_cds/KC795497_1.fasta	4f6f278b2182395ce5d98180b84978e7ce8b92cff9665c51d5d36361f6dc8aa6	DOWNLOADED
S13_KC795498.1	13	IA-84-17975	wzx13		KC795498.1	3	REFERENCE_FASTA_ORDER_PLUS_ASSUMED	1197	neuA13	lsgB13	polysaccharide_biosynthesis_protein	Howell et al. 2013 J Bacteriol	10.1128/JB.00471-13	data/reference_sequences/howell2013_cds/all_cds/KC795498_1.fasta	c4ed35a7b563cdc2f62b1be6e3ec3e4bf9aae8514dafaa4e3ba95010746b52e5	DOWNLOADED
S13_KC795499.1	13	IA-84-17975	lsgB13		KC795499.1	4	REFERENCE_FASTA_ORDER_PLUS_ASSUMED	987	wzx13	gltP13	other_biosynthesis_or_modification	Howell et al. 2013 J Bacteriol	10.1128/JB.00471-13	data/reference_sequences/howell2013_cds/all_cds/KC795499_1.fasta	822c20cc05a0c913ae96fa021acfb6396c70554db24bbb7db2361466066c7ef3	DOWNLOADED
S13_KC795500.1	13	IA-84-17975	gltP13		KC795500.1	5	REFERENCE_FASTA_ORDER_PLUS_ASSUMED	1092	lsgB13	funZ13	glycosyltransferase	Howell et al. 2013 J Bacteriol	10.1128/JB.00471-13	data/reference_sequences/howell2013_cds/all_cds/KC795500_1.fasta	0837201c5ab2e2d4e48af38a67d1210af7035fa7477ba69cb1f71c374990278b	DOWNLOADED
S13_KC795501.1	13	IA-84-17975	funZ13		KC795501.1	6	REFERENCE_FASTA_ORDER_PLUS_ASSUMED	885	gltP13	waaL13	function_unknown	Howell et al. 2013 J Bacteriol	10.1128/JB.00471-13	data/reference_sequences/howell2013_cds/all_cds/KC795501_1.fasta	3e0dcc30c127634893ab102c1d33b91b9a876ec7f663d6560307c45eb5df8e9a	DOWNLOADED
S13_KC795502.1	13	IA-84-17975	waaL13		KC795502.1	7	REFERENCE_FASTA_ORDER_PLUS_ASSUMED	1161	funZ13	gltM13	other_biosynthesis_or_modification	Howell et al. 2013 J Bacteriol	10.1128/JB.00471-13	data/reference_sequences/howell2013_cds/all_cds/KC795502_1.fasta	10353df554d17f01a10cb2f9f3f6d99732466a63cdaeb254cd3a1fa38c017a09	DOWNLOADED
S13_KC795503.1	13	IA-84-17975	gltM13		KC795503.1	8	REFERENCE_FASTA_ORDER_PLUS_ASSUMED	1134	waaL13	ndeB13	glycosyltransferase	Howell et al. 2013 J Bacteriol	10.1128/JB.00471-13	data/reference_sequences/howell2013_cds/all_cds/KC795503_1.fasta	261e1058d5001496e6011ad05917cd896a49f8517e7a6873291006004b59553a	DOWNLOADED
S13_KC795504.1	13	IA-84-17975	ndeB13		KC795504.1	9	REFERENCE_FASTA_ORDER_PLUS_ASSUMED	858	gltM13	pilT13	other_not_classified	Howell et al. 2013 J Bacteriol	10.1128/JB.00471-13	data/reference_sequences/howell2013_cds/all_cds/KC795504_1.fasta	11c7145963a3a6c446b93ce3f8b6fc5cf8bfa46bf28d2a067001112f00930a09	DOWNLOADED
S13_KC795505.1	13	IA-84-17975	pilT13		KC795505.1	10	REFERENCE_FASTA_ORDER_PLUS_ASSUMED	393	ndeB13	cap5M13	other_not_classified	Howell et al. 2013 J Bacteriol	10.1128/JB.00471-13	data/reference_sequences/howell2013_cds/all_cds/KC795505_1.fasta	26b4686c2e226ee05fb045846a892d4c8af928e0be4dde6dff7011c3f1f98961	DOWNLOADED
S13_KC795506.1	13	IA-84-17975	cap5M13		KC795506.1	11	REFERENCE_FASTA_ORDER_PLUS_ASSUMED	570	pilT13	capD13	other_not_classified	Howell et al. 2013 J Bacteriol	10.1128/JB.00471-13	data/reference_sequences/howell2013_cds/all_cds/KC795506_1.fasta	93c34b85a46ce1e57802bbb9e644bd20c6aef7ae84be8abd68796f7c2f5044b9	DOWNLOADED
S13_KC795507.1	13	IA-84-17975	capD13		KC795507.1	12	REFERENCE_FASTA_ORDER_PLUS_ASSUMED	1950	cap5M13	wza13	other_not_classified	Howell et al. 2013 J Bacteriol	10.1128/JB.00471-13	data/reference_sequences/howell2013_cds/all_cds/KC795507_1.fasta	4ba91bc05fd33027919f500f6dc1774f64d5c7655cd28f2817cedbfd415d185f	DOWNLOADED
S13_KC795508.1	13	IA-84-17975	wza13		KC795508.1	13	REFERENCE_FASTA_ORDER_PLUS_ASSUMED	1155	capD13	wzb13	polysaccharide_export	Howell et al. 2013 J Bacteriol	10.1128/JB.00471-13	data/reference_sequences/howell2013_cds/all_cds/KC795508_1.fasta	f5622bec69e3c830e34d1d58d51c629d378fc037ae97ece6a5de6da05f5bc3cd	DOWNLOADED
S13_KC795510.1	13	IA-84-17975	wzb13		KC795510.1	14	REFERENCE_FASTA_ORDER_PLUS_ASSUMED	444	wza13	wzs13	polysaccharide_export	Howell et al. 2013 J Bacteriol	10.1128/JB.00471-13	data/reference_sequences/howell2013_cds/all_cds/KC795510_1.fasta	3053314bb3868d97fec905474bf0a33dd0f08e38f42e19a3694d7ef3aed90c01	DOWNLOADED
S13_KC795511.1	13	IA-84-17975	wzs13		KC795511.1	15	REFERENCE_FASTA_ORDER_PLUS_ASSUMED	2088	wzb13	iscR13	polysaccharide_export	Howell et al. 2013 J Bacteriol	10.1128/JB.00471-13	data/reference_sequences/howell2013_cds/all_cds/KC795511_1.fasta	811ffc492e93ad9a0ce96698191a91970fc0cf64f19824deee317abe9d953e07	DOWNLOADED
S13_KC795512.1	13	IA-84-17975	iscR13		KC795512.1	16	REFERENCE_FASTA_ORDER_PLUS_ASSUMED	447	wzs13		transcriptional_regulator	Howell et al. 2013 J Bacteriol	10.1128/JB.00471-13	data/reference_sequences/howell2013_cds/all_cds/KC795512_1.fasta	4cb911575ffc6cc9f28b867cea13cbd3670623f0cde5be82020979838145f464	DOWNLOADED
S14_KC795513.1	14	IA-84-22113	funA14		KC795513.1	1	REFERENCE_FASTA_ORDER_PLUS_ASSUMED	582		mdhA14	function_unknown	Howell et al. 2013 J Bacteriol	10.1128/JB.00471-13	data/reference_sequences/howell2013_cds/all_cds/KC795513_1.fasta	85ccfbb47f52e676ca891372cdd3ea2e066b409bb4a946a2fa8a02b9bf8b6a0e	DOWNLOADED
S14_KC795514.1	14	IA-84-22113	mdhA14		KC795514.1	2	REFERENCE_FASTA_ORDER_PLUS_ASSUMED	423	funA14	mviM14	other_biosynthesis_or_modification	Howell et al. 2013 J Bacteriol	10.1128/JB.00471-13	data/reference_sequences/howell2013_cds/all_cds/KC795514_1.fasta	236de0ff7411c64964ad2b0fc4474961bf54445d597b2bc0e1858963877a37a3	DOWNLOADED
S14_KC795515.1	14	IA-84-22113	mviM14		KC795515.1	3	REFERENCE_FASTA_ORDER_PLUS_ASSUMED	948	mdhA14	funAA14	other_not_classified	Howell et al. 2013 J Bacteriol	10.1128/JB.00471-13	data/reference_sequences/howell2013_cds/all_cds/KC795515_1.fasta	ba7864ecd85d7d66de200c5cd55644e4832b665d70ea55ef121f1d0afd23d937	DOWNLOADED
S14_KC795516.1	14	IA-84-22113	funAA14		KC795516.1	4	REFERENCE_FASTA_ORDER_PLUS_ASSUMED	351	mviM14	wbbJ14	function_unknown	Howell et al. 2013 J Bacteriol	10.1128/JB.00471-13	data/reference_sequences/howell2013_cds/all_cds/KC795516_1.fasta	585879d819d8ec8b58ada2ddff2432cf085e2d7bcdb34e234b7fb67b50283709	DOWNLOADED
S14_KC795517.1	14	IA-84-22113	wbbJ14		KC795517.1	5	REFERENCE_FASTA_ORDER_PLUS_ASSUMED	576	funAA14	gstA14	glycosyltransferase	Howell et al. 2013 J Bacteriol	10.1128/JB.00471-13	data/reference_sequences/howell2013_cds/all_cds/KC795517_1.fasta	10e192c012064192d2d0a4e57337e6b2f2d1765680f374772ec40c9817ff236c	DOWNLOADED
S14_KC795518.1	14	IA-84-22113	gstA14		KC795518.1	6	REFERENCE_FASTA_ORDER_PLUS_ASSUMED	1086	wbbJ14	wzxB14	other_biosynthesis_or_modification	Howell et al. 2013 J Bacteriol	10.1128/JB.00471-13	data/reference_sequences/howell2013_cds/all_cds/KC795518_1.fasta	9211a2b7ae4619d54c0e1c09bb7890bc779df97cff62fb865a316e876fd33dff	DOWNLOADED
S14_KC795519.1	14	IA-84-22113	wzxB14		KC795519.1	7	REFERENCE_FASTA_ORDER_PLUS_ASSUMED	1209	gstA14	funAB14	polysaccharide_biosynthesis_protein	Howell et al. 2013 J Bacteriol	10.1128/JB.00471-13	data/reference_sequences/howell2013_cds/all_cds/KC795519_1.fasta	0806eb215ead207afe1569b901075e163a1acef3d36079df0c239713759e4b7f	DOWNLOADED
S14_KC795520.1	14	IA-84-22113	funAB14		KC795520.1	8	REFERENCE_FASTA_ORDER_PLUS_ASSUMED	1200	wzxB14	funAC14	function_unknown	Howell et al. 2013 J Bacteriol	10.1128/JB.00471-13	data/reference_sequences/howell2013_cds/all_cds/KC795520_1.fasta	b73cdc404c3bb5050842fdd1d3cfe034e61b71c3ddfcc6566ddf127813fd154b	DOWNLOADED
S14_KC795521.1	14	IA-84-22113	funAC14		KC795521.1	9	REFERENCE_FASTA_ORDER_PLUS_ASSUMED	1146	funAB14	gltQ14	function_unknown	Howell et al. 2013 J Bacteriol	10.1128/JB.00471-13	data/reference_sequences/howell2013_cds/all_cds/KC795521_1.fasta	758f2f49b80944d676fbd27ef28f001683bdd060d7537a16b96d4d5934cef572	DOWNLOADED
S14_KC795522.1	14	IA-84-22113	gltQ14		KC795522.1	10	REFERENCE_FASTA_ORDER_PLUS_ASSUMED	249	funAC14	uaeA14	glycosyltransferase	Howell et al. 2013 J Bacteriol	10.1128/JB.00471-13	data/reference_sequences/howell2013_cds/all_cds/KC795522_1.fasta	c55657f4ec210cd1424035acb4f59d5258c9d1e148c593a99929e7eb46bde18a	DOWNLOADED
S14_KC795523.1	14	IA-84-22113	uaeA14		KC795523.1	11	REFERENCE_FASTA_ORDER_PLUS_ASSUMED	939	gltQ14	wblI14	other_biosynthesis_or_modification	Howell et al. 2013 J Bacteriol	10.1128/JB.00471-13	data/reference_sequences/howell2013_cds/all_cds/KC795523_1.fasta	49ee8173e0f02cc7562de91357a5bb36d82b82bde2be4c5bc4c9b946c63bca07	DOWNLOADED
S14_KC795524.1	14	IA-84-22113	wblI14		KC795524.1	12	REFERENCE_FASTA_ORDER_PLUS_ASSUMED	1299	uaeA14	wbgX14	glycosyltransferase	Howell et al. 2013 J Bacteriol	10.1128/JB.00471-13	data/reference_sequences/howell2013_cds/all_cds/KC795524_1.fasta	14a05b07fe0e089a22db069c523fdec9903dbbd7c96ed0896b34ce3c1a78d603	DOWNLOADED
S14_KC795525.1	14	IA-84-22113	wbgX14		KC795525.1	13	REFERENCE_FASTA_ORDER_PLUS_ASSUMED	1158	wblI14	wbgY14	glycosyltransferase	Howell et al. 2013 J Bacteriol	10.1128/JB.00471-13	data/reference_sequences/howell2013_cds/all_cds/KC795525_1.fasta	96f384b5d9e30bd1a94fc1d30e7c2427d9b2e0c16c04c8018b9dd35b1f42e7d7	DOWNLOADED
S14_KC795526.1	14	IA-84-22113	wbgY14		KC795526.1	14	REFERENCE_FASTA_ORDER_PLUS_ASSUMED	594	wbgX14	capD14	glycosyltransferase	Howell et al. 2013 J Bacteriol	10.1128/JB.00471-13	data/reference_sequences/howell2013_cds/all_cds/KC795526_1.fasta	1568d4c3aa8e142ad2d7f9f0081be8a4db52fb7ec8e730c93a58c0d328ec2a34	DOWNLOADED
S14_KC795527.1	14	IA-84-22113	capD14		KC795527.1	15	REFERENCE_FASTA_ORDER_PLUS_ASSUMED	1941	wbgY14	wza14	other_not_classified	Howell et al. 2013 J Bacteriol	10.1128/JB.00471-13	data/reference_sequences/howell2013_cds/all_cds/KC795527_1.fasta	ab4af8c6d401209a12365c26f3b5713342d831a2caaa5f48116a5eba978ccd75	DOWNLOADED
S14_KC795528.1	14	IA-84-22113	wza14		KC795528.1	16	REFERENCE_FASTA_ORDER_PLUS_ASSUMED	1155	capD14	wzb14	polysaccharide_export	Howell et al. 2013 J Bacteriol	10.1128/JB.00471-13	data/reference_sequences/howell2013_cds/all_cds/KC795528_1.fasta	c7152558571252678406119f8eff85db90091ec45840f914055984f9b2ef1111	DOWNLOADED
S14_KC795530.1	14	IA-84-22113	wzb14		KC795530.1	17	REFERENCE_FASTA_ORDER_PLUS_ASSUMED	444	wza14	wzs14	polysaccharide_export	Howell et al. 2013 J Bacteriol	10.1128/JB.00471-13	data/reference_sequences/howell2013_cds/all_cds/KC795530_1.fasta	ecd5b8871dd77d6b194df0c6dd8b8f6ebf7a75a4ec07312fef0276ee23e832f7	DOWNLOADED
S14_KC795531.1	14	IA-84-22113	wzs14		KC795531.1	18	REFERENCE_FASTA_ORDER_PLUS_ASSUMED	2088	wzb14	iscR14	polysaccharide_export	Howell et al. 2013 J Bacteriol	10.1128/JB.00471-13	data/reference_sequences/howell2013_cds/all_cds/KC795531_1.fasta	0fe18e9de09eac24b82815231a5fc1ecf6201b78ebda6f8d545067f1e2e6ceef	DOWNLOADED
S14_KC795532.1	14	IA-84-22113	iscR14		KC795532.1	19	REFERENCE_FASTA_ORDER_PLUS_ASSUMED	447	wzs14		transcriptional_regulator	Howell et al. 2013 J Bacteriol	10.1128/JB.00471-13	data/reference_sequences/howell2013_cds/all_cds/KC795532_1.fasta	3d36b1d5173c114fa93d595f11b5cdd655d7007e7507d5c3f2cfb829a1d6530f	DOWNLOADED
S15_KC795533.1	15	SD-84-15995	funA15		KC795533.1	1	REFERENCE_FASTA_ORDER_PLUS_ASSUMED	582		neuA15	function_unknown	Howell et al. 2013 J Bacteriol	10.1128/JB.00471-13	data/reference_sequences/howell2013_cds/all_cds/KC795533_1.fasta	037bbdaf8e1f535f381758c3b4c2f5065c1ff4e5c9a6a9c71648853561e15b76	DOWNLOADED
S15_KC795535.1	15	SD-84-15995	neuA15		KC795535.1	2	REFERENCE_FASTA_ORDER_PLUS_ASSUMED	681	funA15	wzx15	other_biosynthesis_or_modification	Howell et al. 2013 J Bacteriol	10.1128/JB.00471-13	data/reference_sequences/howell2013_cds/all_cds/KC795535_1.fasta	cc58eeb7d188e5b2bc3deb00a8169918c5350acc510022c5502e393b9971a5fa	DOWNLOADED
S15_KC795536.1	15	SD-84-15995	wzx15		KC795536.1	3	REFERENCE_FASTA_ORDER_PLUS_ASSUMED	1212	neuA15	funI15	polysaccharide_biosynthesis_protein	Howell et al. 2013 J Bacteriol	10.1128/JB.00471-13	data/reference_sequences/howell2013_cds/all_cds/KC795536_1.fasta	e2bcb9efeb824bc5fc1cd64703d761334cdc1cb574d93797effb5a59ef1ead25	DOWNLOADED
S15_KC795537.1	15	SD-84-15995	funI15		KC795537.1	4	REFERENCE_FASTA_ORDER_PLUS_ASSUMED	885	wzx15	funJ15	function_unknown	Howell et al. 2013 J Bacteriol	10.1128/JB.00471-13	data/reference_sequences/howell2013_cds/all_cds/KC795537_1.fasta	7093cb0708a8192c9d65a7b2655fbeab2636f06380588faf862fa41ea55d2827	DOWNLOADED
S15_KC795538.1	15	SD-84-15995	funJ15		KC795538.1	5	REFERENCE_FASTA_ORDER_PLUS_ASSUMED	1047	funI15	gltR15	function_unknown	Howell et al. 2013 J Bacteriol	10.1128/JB.00471-13	data/reference_sequences/howell2013_cds/all_cds/KC795538_1.fasta	425715b40800a138d33d3695d81e4468285f8a4becd18105ef8608719ee3db51	DOWNLOADED
S15_KC795539.1	15	SD-84-15995	gltR15		KC795539.1	6	REFERENCE_FASTA_ORDER_PLUS_ASSUMED	864	funJ15	gltE15	glycosyltransferase	Howell et al. 2013 J Bacteriol	10.1128/JB.00471-13	data/reference_sequences/howell2013_cds/all_cds/KC795539_1.fasta	563277a07ba832cf78e6f03cf3f3f5c8921935b18b4a286f5b3811e9ebc2c1b7	DOWNLOADED
S15_KC795540.1	15	SD-84-15995	gltE15		KC795540.1	7	REFERENCE_FASTA_ORDER_PLUS_ASSUMED	963	gltR15	gltM15	glycosyltransferase	Howell et al. 2013 J Bacteriol	10.1128/JB.00471-13	data/reference_sequences/howell2013_cds/all_cds/KC795540_1.fasta	ff54840d0648a21793c17496f1f0eb8bd487ea768148e4d3bfb5a72495900120	DOWNLOADED
S15_KC795541.1	15	SD-84-15995	gltM15		KC795541.1	8	REFERENCE_FASTA_ORDER_PLUS_ASSUMED	1134	gltE15	ndeB15	glycosyltransferase	Howell et al. 2013 J Bacteriol	10.1128/JB.00471-13	data/reference_sequences/howell2013_cds/all_cds/KC795541_1.fasta	dd554acc73f4dd35ccd177b822cd7a5b638028ebcdfd7f61a3df36d1b8ff569c	DOWNLOADED
S15_KC795542.1	15	SD-84-15995	ndeB15		KC795542.1	9	REFERENCE_FASTA_ORDER_PLUS_ASSUMED	858	gltM15	pilT15	other_not_classified	Howell et al. 2013 J Bacteriol	10.1128/JB.00471-13	data/reference_sequences/howell2013_cds/all_cds/KC795542_1.fasta	a017758b70e0245b5f1cc1915ad726d600cfb13088e5300f4ac8fa45e41c25c9	DOWNLOADED
S15_KC795543.1	15	SD-84-15995	pilT15		KC795543.1	10	REFERENCE_FASTA_ORDER_PLUS_ASSUMED	393	ndeB15	cap5M15	other_not_classified	Howell et al. 2013 J Bacteriol	10.1128/JB.00471-13	data/reference_sequences/howell2013_cds/all_cds/KC795543_1.fasta	95b46c282221c8c369282eefc59bbc8a445da61cebf298f9f8aaac64e1b887e1	DOWNLOADED
S15_KC795544.1	15	SD-84-15995	cap5M15		KC795544.1	11	REFERENCE_FASTA_ORDER_PLUS_ASSUMED	549	pilT15	capD15	other_not_classified	Howell et al. 2013 J Bacteriol	10.1128/JB.00471-13	data/reference_sequences/howell2013_cds/all_cds/KC795544_1.fasta	542a800e48ff769df95e7c275495c549ffb6b6082308333b238d0ebe4a6f08c6	DOWNLOADED
S15_KC795545.1	15	SD-84-15995	capD15		KC795545.1	12	REFERENCE_FASTA_ORDER_PLUS_ASSUMED	1941	cap5M15	wza15	other_not_classified	Howell et al. 2013 J Bacteriol	10.1128/JB.00471-13	data/reference_sequences/howell2013_cds/all_cds/KC795545_1.fasta	0fa09321701348da4ceb3fdba08f8e080de6785a529076fb4e0781117f6c23d9	DOWNLOADED
S15_KC795546.1	15	SD-84-15995	wza15		KC795546.1	13	REFERENCE_FASTA_ORDER_PLUS_ASSUMED	1155	capD15	wzb15	polysaccharide_export	Howell et al. 2013 J Bacteriol	10.1128/JB.00471-13	data/reference_sequences/howell2013_cds/all_cds/KC795546_1.fasta	8db79927eb8dbd70627db9029bfeae320d865c8ff2a4ec122507c75d5a1e05cc	DOWNLOADED
S15_KC795548.1	15	SD-84-15995	wzb15		KC795548.1	14	REFERENCE_FASTA_ORDER_PLUS_ASSUMED	444	wza15	iscR15	polysaccharide_export	Howell et al. 2013 J Bacteriol	10.1128/JB.00471-13	data/reference_sequences/howell2013_cds/all_cds/KC795548_1.fasta	ecd5b8871dd77d6b194df0c6dd8b8f6ebf7a75a4ec07312fef0276ee23e832f7	DOWNLOADED
S15_KC795549.1	15	SD-84-15995	iscR15		KC795549.1	15	REFERENCE_FASTA_ORDER_PLUS_ASSUMED	447	wzb15	wzs15	transcriptional_regulator	Howell et al. 2013 J Bacteriol	10.1128/JB.00471-13	data/reference_sequences/howell2013_cds/all_cds/KC795549_1.fasta	221bb21de4b5b7ab5b96c109bbca659ccc0e1f31d78b21148546e2d520f75ce5	DOWNLOADED
S15_KC795550.1	15	SD-84-15995	wzs15		KC795550.1	16	REFERENCE_FASTA_ORDER_PLUS_ASSUMED	2088	iscR15		polysaccharide_export	Howell et al. 2013 J Bacteriol	10.1128/JB.00471-13	data/reference_sequences/howell2013_cds/all_cds/KC795550_1.fasta	29f5e326c9fb47ce4679d41ccd2cc83dc65fb2a8bf5fa0acd62f737a8bd94326	DOWNLOADED
